-- --------------------------------------------------------
-- Hôte:                         127.0.0.1
-- Version du serveur:           8.0.30 - MySQL Community Server - GPL
-- SE du serveur:                Win64
-- HeidiSQL Version:             12.1.0.6537
-- --------------------------------------------------------

/*!40101 SET @OLD_CHARACTER_SET_CLIENT=@@CHARACTER_SET_CLIENT */;
/*!40101 SET NAMES utf8 */;
/*!50503 SET NAMES utf8mb4 */;
/*!40103 SET @OLD_TIME_ZONE=@@TIME_ZONE */;
/*!40103 SET TIME_ZONE='+00:00' */;
/*!40014 SET @OLD_FOREIGN_KEY_CHECKS=@@FOREIGN_KEY_CHECKS, FOREIGN_KEY_CHECKS=0 */;
/*!40101 SET @OLD_SQL_MODE=@@SQL_MODE, SQL_MODE='NO_AUTO_VALUE_ON_ZERO' */;
/*!40111 SET @OLD_SQL_NOTES=@@SQL_NOTES, SQL_NOTES=0 */;

-- Listage de la structure de table kgaming. address
DROP TABLE IF EXISTS `address`;
CREATE TABLE IF NOT EXISTS `address` (
  `id` int NOT NULL AUTO_INCREMENT,
  `user_id` int DEFAULT NULL,
  `label` varchar(100) COLLATE utf8mb4_unicode_ci NOT NULL,
  `firstname` varchar(100) COLLATE utf8mb4_unicode_ci NOT NULL,
  `lastname` varchar(100) COLLATE utf8mb4_unicode_ci NOT NULL,
  `address` varchar(255) COLLATE utf8mb4_unicode_ci NOT NULL,
  `cp` varchar(20) COLLATE utf8mb4_unicode_ci NOT NULL,
  `city` varchar(100) COLLATE utf8mb4_unicode_ci NOT NULL,
  PRIMARY KEY (`id`),
  KEY `IDX_D4E6F81A76ED395` (`user_id`),
  CONSTRAINT `FK_D4E6F81A76ED395` FOREIGN KEY (`user_id`) REFERENCES `user` (`id`) ON DELETE CASCADE
) ENGINE=InnoDB AUTO_INCREMENT=4 DEFAULT CHARSET=utf8mb4 COLLATE=utf8mb4_unicode_ci;

-- Listage des données de la table kgaming.address : ~2 rows (environ)
DELETE FROM `address`;
INSERT INTO `address` (`id`, `user_id`, `label`, `firstname`, `lastname`, `address`, `cp`, `city`) VALUES
	(1, 1, 'Maison', 'Kevin', 'GRISCHKO', '29 rue du ban', '68200', 'Mulhouse'),
	(3, 1, 'Travail', 'Kevin', 'GRISCHKO', '16 rue de la rose', '68270', 'Wittenheim');

-- Listage de la structure de table kgaming. category
DROP TABLE IF EXISTS `category`;
CREATE TABLE IF NOT EXISTS `category` (
  `id` int NOT NULL AUTO_INCREMENT,
  `label` varchar(50) COLLATE utf8mb4_unicode_ci NOT NULL,
  PRIMARY KEY (`id`)
) ENGINE=InnoDB AUTO_INCREMENT=4 DEFAULT CHARSET=utf8mb4 COLLATE=utf8mb4_unicode_ci;

-- Listage des données de la table kgaming.category : ~3 rows (environ)
DELETE FROM `category`;
INSERT INTO `category` (`id`, `label`) VALUES
	(1, 'PC'),
	(2, 'PlayStation'),
	(3, 'Xbox');

-- Listage de la structure de table kgaming. doctrine_migration_versions
DROP TABLE IF EXISTS `doctrine_migration_versions`;
CREATE TABLE IF NOT EXISTS `doctrine_migration_versions` (
  `version` varchar(191) COLLATE utf8mb3_unicode_ci NOT NULL,
  `executed_at` datetime DEFAULT NULL,
  `execution_time` int DEFAULT NULL,
  PRIMARY KEY (`version`)
) ENGINE=InnoDB DEFAULT CHARSET=utf8mb3 COLLATE=utf8mb3_unicode_ci;

-- Listage des données de la table kgaming.doctrine_migration_versions : ~2 rows (environ)
DELETE FROM `doctrine_migration_versions`;
INSERT INTO `doctrine_migration_versions` (`version`, `executed_at`, `execution_time`) VALUES
	('DoctrineMigrations\\Version20230601144500', NULL, NULL),
	('DoctrineMigrations\\Version20230601144530', '2023-06-01 16:47:20', 388),
	('DoctrineMigrations\\Version20230601210000', '2023-06-01 21:00:08', 24),
	('DoctrineMigrations\\Version20230606121427', '2023-06-06 12:14:39', 33),
	('DoctrineMigrations\\Version20230607064818', '2023-06-07 06:48:28', 40),
	('DoctrineMigrations\\Version20230607081024', '2023-06-07 08:10:32', 55),
	('DoctrineMigrations\\Version20230607084119', '2023-06-07 08:41:22', 44),
	('DoctrineMigrations\\Version20230607114322', '2023-06-07 11:43:25', 9),
	('DoctrineMigrations\\Version20230607150843', '2023-06-07 15:08:46', 85);

-- Listage de la structure de table kgaming. game
DROP TABLE IF EXISTS `game`;
CREATE TABLE IF NOT EXISTS `game` (
  `id` int NOT NULL AUTO_INCREMENT,
  `label` varchar(50) COLLATE utf8mb4_unicode_ci NOT NULL,
  `price` double NOT NULL,
  `date_release` date NOT NULL,
  `slug` varchar(255) COLLATE utf8mb4_unicode_ci NOT NULL,
  PRIMARY KEY (`id`)
) ENGINE=InnoDB AUTO_INCREMENT=33 DEFAULT CHARSET=utf8mb4 COLLATE=utf8mb4_unicode_ci;

-- Listage des données de la table kgaming.game : ~7 rows (environ)
DELETE FROM `game`;
INSERT INTO `game` (`id`, `label`, `price`, `date_release`, `slug`) VALUES
	(2, 'Rust', 39.99, '2023-05-08', 'rust'),
	(3, 'New World', 38.99, '2021-09-28', 'new-world'),
	(4, 'Raft', 19.99, '2022-06-20', 'raft'),
	(6, 'Counter-Strike 2', 19.99, '2025-06-20', 'counter-strike-2'),
	(7, 'Diablo IV', 20, '2023-06-06', 'diablo-iv'),
	(14, 'Satisfactory', 24.99, '2020-06-08', 'satisfactory'),
	(15, 'Tom Clancy\'s Rainbow Six Siege', 10, '2015-12-01', 'tom-clancys-rainbow-six-siege'),
	(17, 'Dead Island 2', 48, '2023-04-21', 'dead-island-2'),
	(18, 'Final Fantasy XVI', 55, '2023-06-22', 'final-fantasy-xvi'),
	(19, 'Hogwarts Legacy', 45, '2023-02-07', 'hogwarts-legacy'),
	(20, 'Call of Duty: Modern Warfare II', 45, '2022-10-28', 'call-of-duty-modern-warfare-ii'),
	(21, 'Call of Duty: Vanguard', 45, '2021-11-05', 'call-of-duty-vanguard'),
	(22, 'Star Wars Jedi: Survivor', 50, '2023-04-28', 'star-wars-jedi-survivor'),
	(23, 'Super Mega Baseball 4', 55, '2023-05-30', 'super-mega-baseball-4'),
	(24, 'F1 22', 23, '2022-06-28', 'f1-22'),
	(25, 'Battlefield 2042', 25, '2021-10-06', 'battlefield-2042'),
	(26, 'FIFA 23', 30, '2022-09-27', 'fifa-23'),
	(27, 'Red Dead Redemption 2', 25, '2018-10-26', 'red-dead-redemption-2'),
	(28, 'Street Fighter 6', 55, '2023-06-02', 'street-fighter-6'),
	(29, 'Only Up!', 7, '2023-05-24', 'only-up'),
	(30, 'F1 23', 55, '2023-06-16', 'f1-23'),
	(31, 'Grand Theft Auto V', 10, '2015-04-14', 'grand-theft-auto-v'),
	(32, 'No Man\'s Sky', 25, '2016-08-08', 'no-mans-sky');

-- Listage de la structure de table kgaming. game_genre
DROP TABLE IF EXISTS `game_genre`;
CREATE TABLE IF NOT EXISTS `game_genre` (
  `game_id` int NOT NULL,
  `genre_id` int NOT NULL,
  PRIMARY KEY (`game_id`,`genre_id`),
  KEY `IDX_B1634A77E48FD905` (`game_id`),
  KEY `IDX_B1634A774296D31F` (`genre_id`),
  CONSTRAINT `FK_B1634A774296D31F` FOREIGN KEY (`genre_id`) REFERENCES `genre` (`id`) ON DELETE CASCADE,
  CONSTRAINT `FK_B1634A77E48FD905` FOREIGN KEY (`game_id`) REFERENCES `game` (`id`) ON DELETE CASCADE
) ENGINE=InnoDB DEFAULT CHARSET=utf8mb4 COLLATE=utf8mb4_unicode_ci;

-- Listage des données de la table kgaming.game_genre : ~12 rows (environ)
DELETE FROM `game_genre`;
INSERT INTO `game_genre` (`game_id`, `genre_id`) VALUES
	(2, 5),
	(3, 9),
	(4, 10),
	(6, 1),
	(7, 5),
	(14, 1),
	(14, 3),
	(14, 9),
	(14, 10),
	(14, 11),
	(15, 1),
	(15, 4),
	(15, 7),
	(15, 9),
	(15, 11),
	(17, 1),
	(17, 2),
	(17, 7),
	(17, 10),
	(18, 2),
	(18, 7),
	(19, 2),
	(19, 4),
	(19, 7),
	(20, 1),
	(20, 8),
	(20, 9),
	(20, 11),
	(21, 1),
	(21, 8),
	(21, 9),
	(21, 11),
	(22, 2),
	(22, 7),
	(23, 3),
	(23, 6),
	(24, 3),
	(24, 4),
	(24, 6),
	(24, 11),
	(24, 16),
	(25, 1),
	(25, 2),
	(25, 8),
	(25, 9),
	(25, 11),
	(26, 3),
	(26, 6),
	(26, 9),
	(26, 11),
	(27, 2),
	(27, 11),
	(28, 2),
	(28, 6),
	(28, 7),
	(28, 11),
	(29, 2),
	(29, 3),
	(30, 3),
	(30, 6),
	(30, 11),
	(30, 16),
	(31, 2),
	(31, 9),
	(31, 11),
	(31, 17),
	(32, 2),
	(32, 4),
	(32, 7),
	(32, 11);

-- Listage de la structure de table kgaming. game_plateform
DROP TABLE IF EXISTS `game_plateform`;
CREATE TABLE IF NOT EXISTS `game_plateform` (
  `game_id` int NOT NULL,
  `plateform_id` int NOT NULL,
  PRIMARY KEY (`game_id`,`plateform_id`),
  KEY `IDX_DC247165E48FD905` (`game_id`),
  KEY `IDX_DC247165CCAA542F` (`plateform_id`),
  CONSTRAINT `FK_DC247165CCAA542F` FOREIGN KEY (`plateform_id`) REFERENCES `plateform` (`id`) ON DELETE CASCADE,
  CONSTRAINT `FK_DC247165E48FD905` FOREIGN KEY (`game_id`) REFERENCES `game` (`id`) ON DELETE CASCADE
) ENGINE=InnoDB DEFAULT CHARSET=utf8mb4 COLLATE=utf8mb4_unicode_ci;

-- Listage des données de la table kgaming.game_plateform : ~24 rows (environ)
DELETE FROM `game_plateform`;
INSERT INTO `game_plateform` (`game_id`, `plateform_id`) VALUES
	(2, 1),
	(2, 6),
	(2, 7),
	(2, 8),
	(2, 9),
	(3, 1),
	(3, 8),
	(4, 1),
	(6, 1),
	(7, 1),
	(7, 3),
	(7, 6),
	(7, 7),
	(7, 8),
	(7, 9),
	(14, 1),
	(14, 4),
	(15, 5),
	(15, 6),
	(15, 7),
	(15, 8),
	(15, 9),
	(17, 4),
	(17, 6),
	(17, 7),
	(17, 8),
	(17, 9),
	(18, 8),
	(19, 1),
	(19, 4),
	(19, 6),
	(19, 7),
	(19, 8),
	(19, 9),
	(20, 3),
	(20, 7),
	(20, 8),
	(21, 3),
	(21, 6),
	(21, 7),
	(21, 8),
	(21, 9),
	(22, 1),
	(22, 2),
	(22, 4),
	(22, 7),
	(22, 8),
	(23, 1),
	(23, 2),
	(23, 4),
	(23, 6),
	(23, 7),
	(23, 8),
	(23, 9),
	(24, 1),
	(24, 2),
	(24, 6),
	(24, 7),
	(24, 8),
	(24, 9),
	(25, 1),
	(25, 2),
	(25, 4),
	(25, 6),
	(25, 7),
	(25, 8),
	(25, 9),
	(26, 1),
	(26, 2),
	(26, 6),
	(26, 7),
	(26, 8),
	(26, 9),
	(27, 1),
	(27, 4),
	(27, 6),
	(27, 9),
	(28, 1),
	(28, 6),
	(28, 7),
	(28, 8),
	(28, 9),
	(29, 1),
	(30, 1),
	(31, 1),
	(31, 6),
	(31, 7),
	(31, 8),
	(31, 9),
	(32, 1),
	(32, 6),
	(32, 7),
	(32, 8),
	(32, 9);

-- Listage de la structure de table kgaming. genre
DROP TABLE IF EXISTS `genre`;
CREATE TABLE IF NOT EXISTS `genre` (
  `id` int NOT NULL AUTO_INCREMENT,
  `label` varchar(50) COLLATE utf8mb4_unicode_ci NOT NULL,
  `slug` varchar(255) COLLATE utf8mb4_unicode_ci NOT NULL,
  `image` longtext COLLATE utf8mb4_unicode_ci NOT NULL,
  PRIMARY KEY (`id`)
) ENGINE=InnoDB AUTO_INCREMENT=18 DEFAULT CHARSET=utf8mb4 COLLATE=utf8mb4_unicode_ci;

-- Listage des données de la table kgaming.genre : ~11 rows (environ)
DELETE FROM `genre`;
INSERT INTO `genre` (`id`, `label`, `slug`, `image`) VALUES
	(1, 'FPS', 'fps', 'img/genres/fps.jpg'),
	(2, 'Aventure', 'aventure', 'img/genres/aventure.jpg'),
	(3, 'Simulation', 'simulation', 'img/genres/simulation.jpg'),
	(4, 'Stratégie', 'strategie', 'img/genres/stratégie.jpg'),
	(5, 'MMO', 'mmo', 'img/genres/mmo.jpg'),
	(6, 'Sport', 'sport', 'img/genres/sport.jpg'),
	(7, 'Action', 'action', 'img/genres/action.jpg'),
	(8, 'PVP En ligne', 'pvp-en-ligne', 'img/genres/pvp.jpg'),
	(9, 'Cross-Plateforme', 'cross-plateforme', 'img/genres/cross-plateforme.jpg'),
	(10, 'Survie', 'survie', 'img/genres/survie.jpg'),
	(11, 'Multijoueur', 'multijoueur', 'img/genres/multijoueur.jpg'),
	(12, 'Combat', 'combat', 'img/genres/combat.jpg'),
	(13, 'RPG', 'rpg', 'img/genres/rpg.jpg'),
	(14, 'Moba', 'moba', 'img/genres/moba.jpg'),
	(15, 'Horreur', 'horreur', 'img/genres/horreur.jpg'),
	(16, 'Course', 'course', 'img/genres/course.jpg'),
	(17, 'Arcade', 'arcade', 'img/genres/arcade.jpg');

-- Listage de la structure de table kgaming. messenger_messages
DROP TABLE IF EXISTS `messenger_messages`;
CREATE TABLE IF NOT EXISTS `messenger_messages` (
  `id` bigint NOT NULL AUTO_INCREMENT,
  `body` longtext COLLATE utf8mb4_unicode_ci NOT NULL,
  `headers` longtext COLLATE utf8mb4_unicode_ci NOT NULL,
  `queue_name` varchar(190) COLLATE utf8mb4_unicode_ci NOT NULL,
  `created_at` datetime NOT NULL,
  `available_at` datetime NOT NULL,
  `delivered_at` datetime DEFAULT NULL,
  PRIMARY KEY (`id`),
  KEY `IDX_75EA56E0FB7336F0` (`queue_name`),
  KEY `IDX_75EA56E0E3BD61CE` (`available_at`),
  KEY `IDX_75EA56E016BA31DB` (`delivered_at`)
) ENGINE=InnoDB DEFAULT CHARSET=utf8mb4 COLLATE=utf8mb4_unicode_ci;

-- Listage des données de la table kgaming.messenger_messages : ~0 rows (environ)
DELETE FROM `messenger_messages`;

-- Listage de la structure de table kgaming. plateform
DROP TABLE IF EXISTS `plateform`;
CREATE TABLE IF NOT EXISTS `plateform` (
  `id` int NOT NULL AUTO_INCREMENT,
  `category_id` int NOT NULL,
  `label` varchar(50) COLLATE utf8mb4_unicode_ci NOT NULL,
  `logo` longtext COLLATE utf8mb4_unicode_ci NOT NULL,
  `slug` varchar(255) COLLATE utf8mb4_unicode_ci NOT NULL,
  PRIMARY KEY (`id`),
  KEY `IDX_E82B06712469DE2` (`category_id`),
  CONSTRAINT `FK_E82B06712469DE2` FOREIGN KEY (`category_id`) REFERENCES `category` (`id`)
) ENGINE=InnoDB AUTO_INCREMENT=10 DEFAULT CHARSET=utf8mb4 COLLATE=utf8mb4_unicode_ci;

-- Listage des données de la table kgaming.plateform : ~9 rows (environ)
DELETE FROM `plateform`;
INSERT INTO `plateform` (`id`, `category_id`, `label`, `logo`, `slug`) VALUES
	(1, 1, 'Steam', 'https://www.svgrepo.com/show/452107/steam.svg', 'steam'),
	(2, 1, 'Origin', 'https://www.svgrepo.com/show/354154/origin.svg', 'origin'),
	(3, 1, 'Battle.net', 'https://eu.shop.battle.net/static/favicon-32x32.png', 'battle-net'),
	(4, 1, 'Epic Games', 'https://www.svgrepo.com/show/341792/epic-games.svg', 'epic-games'),
	(5, 1, 'Ubisoft', 'https://www.svgrepo.com/show/342320/ubisoft.svg', 'ubisoft'),
	(6, 2, 'PlayStation 4', 'https://www.svgrepo.com/show/473756/playstation4.svg', 'playstation-4'),
	(7, 3, 'Xbox Serie X/S', 'https://upload.wikimedia.org/wikipedia/commons/a/af/Xbox_Series_X_logo.svg', 'xbox-serie-x-s'),
	(8, 2, 'PlayStation 5', 'https://www.svgrepo.com/show/473757/playstation5.svg', 'playstation-5'),
	(9, 3, 'Xbox One', 'https://www.svgrepo.com/show/303464/xbox-one-3-logo.svg', 'xbox-one');

-- Listage de la structure de table kgaming. purchase
DROP TABLE IF EXISTS `purchase`;
CREATE TABLE IF NOT EXISTS `purchase` (
  `id` int NOT NULL AUTO_INCREMENT,
  `user_id` int DEFAULT NULL,
  `address_id` int DEFAULT NULL,
  `created_at` datetime NOT NULL DEFAULT CURRENT_TIMESTAMP,
  `is_paid` tinyint(1) NOT NULL,
  `method` varchar(255) COLLATE utf8mb4_unicode_ci NOT NULL,
  `reference` varchar(255) COLLATE utf8mb4_unicode_ci NOT NULL,
  `stripe_session_id` varchar(255) COLLATE utf8mb4_unicode_ci DEFAULT NULL,
  `paypal_order_id` varchar(255) COLLATE utf8mb4_unicode_ci DEFAULT NULL,
  `delivery` varchar(255) COLLATE utf8mb4_unicode_ci NOT NULL,
  `user_full_name` varchar(255) COLLATE utf8mb4_unicode_ci NOT NULL,
  PRIMARY KEY (`id`),
  KEY `IDX_6117D13BA76ED395` (`user_id`),
  KEY `IDX_6117D13BF5B7AF75` (`address_id`),
  CONSTRAINT `FK_6117D13BA76ED395` FOREIGN KEY (`user_id`) REFERENCES `user` (`id`) ON DELETE SET NULL,
  CONSTRAINT `FK_6117D13BF5B7AF75` FOREIGN KEY (`address_id`) REFERENCES `address` (`id`) ON DELETE SET NULL
) ENGINE=InnoDB AUTO_INCREMENT=57 DEFAULT CHARSET=utf8mb4 COLLATE=utf8mb4_unicode_ci;

-- Listage des données de la table kgaming.purchase : ~5 rows (environ)
DELETE FROM `purchase`;
INSERT INTO `purchase` (`id`, `user_id`, `address_id`, `created_at`, `is_paid`, `method`, `reference`, `stripe_session_id`, `paypal_order_id`, `delivery`, `user_full_name`) VALUES
	(56, 1, 1, '2023-06-07 08:53:09', 1, 'stripe', '07062023-64804575de05a', 'cs_test_a1egwv72lDuTvFSh7VwXdrpv65nA3Hj8EJEXCXiRIQNFTOSpXpbEe6DGiG', NULL, '29 rue du ban</br>68200 - Mulhouse', 'Kevin GRISCHKO');

-- Listage de la structure de table kgaming. rating
DROP TABLE IF EXISTS `rating`;
CREATE TABLE IF NOT EXISTS `rating` (
  `id` int NOT NULL AUTO_INCREMENT,
  `game_id` int NOT NULL,
  `note` int NOT NULL,
  `user_id` int NOT NULL,
  `message` longtext COLLATE utf8mb4_unicode_ci NOT NULL,
  `platform_id` int NOT NULL,
  PRIMARY KEY (`id`),
  KEY `IDX_D8892622E48FD905` (`game_id`),
  KEY `IDX_D8892622A76ED395` (`user_id`),
  KEY `IDX_D8892622FFE6496F` (`platform_id`),
  CONSTRAINT `FK_D8892622A76ED395` FOREIGN KEY (`user_id`) REFERENCES `user` (`id`),
  CONSTRAINT `FK_D8892622E48FD905` FOREIGN KEY (`game_id`) REFERENCES `game` (`id`),
  CONSTRAINT `FK_D8892622FFE6496F` FOREIGN KEY (`platform_id`) REFERENCES `plateform` (`id`)
) ENGINE=InnoDB AUTO_INCREMENT=2 DEFAULT CHARSET=utf8mb4 COLLATE=utf8mb4_unicode_ci;

-- Listage des données de la table kgaming.rating : ~0 rows (environ)
DELETE FROM `rating`;
INSERT INTO `rating` (`id`, `game_id`, `note`, `user_id`, `message`, `platform_id`) VALUES
	(1, 14, 3, 1, 'Jeux vraiment cool et immersif !', 1);

-- Listage de la structure de table kgaming. recap_details
DROP TABLE IF EXISTS `recap_details`;
CREATE TABLE IF NOT EXISTS `recap_details` (
  `id` int NOT NULL AUTO_INCREMENT,
  `order_product_id` int NOT NULL,
  `quantity` int NOT NULL,
  `game_label` varchar(255) COLLATE utf8mb4_unicode_ci NOT NULL,
  `price` double NOT NULL,
  `total_recap` varchar(255) COLLATE utf8mb4_unicode_ci NOT NULL,
  `platform_label` varchar(255) COLLATE utf8mb4_unicode_ci NOT NULL,
  `game_id` int NOT NULL,
  `platform_id` int NOT NULL,
  PRIMARY KEY (`id`),
  KEY `IDX_1D1FD69F65E9B0F` (`order_product_id`),
  CONSTRAINT `FK_1D1FD69F65E9B0F` FOREIGN KEY (`order_product_id`) REFERENCES `purchase` (`id`) ON DELETE CASCADE
) ENGINE=InnoDB AUTO_INCREMENT=10 DEFAULT CHARSET=utf8mb4 COLLATE=utf8mb4_unicode_ci;

-- Listage des données de la table kgaming.recap_details : ~7 rows (environ)
DELETE FROM `recap_details`;
INSERT INTO `recap_details` (`id`, `order_product_id`, `quantity`, `game_label`, `price`, `total_recap`, `platform_label`, `game_id`, `platform_id`) VALUES
	(9, 56, 1, 'Satisfactory', 24.99, '24.99', 'Steam', 14, 1);

-- Listage de la structure de table kgaming. reset_password_request
DROP TABLE IF EXISTS `reset_password_request`;
CREATE TABLE IF NOT EXISTS `reset_password_request` (
  `id` int NOT NULL AUTO_INCREMENT,
  `user_id` int NOT NULL,
  `selector` varchar(20) COLLATE utf8mb4_unicode_ci NOT NULL,
  `hashed_token` varchar(100) COLLATE utf8mb4_unicode_ci NOT NULL,
  `requested_at` datetime NOT NULL COMMENT '(DC2Type:datetime_immutable)',
  `expires_at` datetime NOT NULL COMMENT '(DC2Type:datetime_immutable)',
  PRIMARY KEY (`id`),
  KEY `IDX_7CE748AA76ED395` (`user_id`),
  CONSTRAINT `FK_7CE748AA76ED395` FOREIGN KEY (`user_id`) REFERENCES `user` (`id`)
) ENGINE=InnoDB DEFAULT CHARSET=utf8mb4 COLLATE=utf8mb4_unicode_ci;

-- Listage des données de la table kgaming.reset_password_request : ~0 rows (environ)
DELETE FROM `reset_password_request`;

-- Listage de la structure de table kgaming. stock
DROP TABLE IF EXISTS `stock`;
CREATE TABLE IF NOT EXISTS `stock` (
  `id` int NOT NULL AUTO_INCREMENT,
  `game_id` int NOT NULL,
  `purchase_id` int DEFAULT NULL,
  `plateform_id` int NOT NULL,
  `license_key` varchar(255) COLLATE utf8mb4_unicode_ci NOT NULL,
  `date_availability` datetime NOT NULL DEFAULT CURRENT_TIMESTAMP,
  `is_available` tinyint(1) NOT NULL,
  PRIMARY KEY (`id`),
  KEY `IDX_4B365660E48FD905` (`game_id`),
  KEY `IDX_4B365660558FBEB9` (`purchase_id`),
  KEY `IDX_4B365660CCAA542F` (`plateform_id`),
  CONSTRAINT `FK_4B365660558FBEB9` FOREIGN KEY (`purchase_id`) REFERENCES `purchase` (`id`),
  CONSTRAINT `FK_4B365660CCAA542F` FOREIGN KEY (`plateform_id`) REFERENCES `plateform` (`id`) ON DELETE CASCADE,
  CONSTRAINT `FK_4B365660E48FD905` FOREIGN KEY (`game_id`) REFERENCES `game` (`id`) ON DELETE CASCADE
) ENGINE=InnoDB AUTO_INCREMENT=542 DEFAULT CHARSET=utf8mb4 COLLATE=utf8mb4_unicode_ci;

-- Listage des données de la table kgaming.stock : ~124 rows (environ)
DELETE FROM `stock`;
INSERT INTO `stock` (`id`, `game_id`, `purchase_id`, `plateform_id`, `license_key`, `date_availability`, `is_available`) VALUES
	(1, 2, NULL, 1, '3D35-8828-9BF9-6896', '2023-06-06 09:08:47', 1),
	(2, 2, NULL, 1, '62E5-4A58-DEE6-C50A', '2023-06-06 09:08:47', 1),
	(3, 2, NULL, 1, 'F76E-49F5-DA7A-2468', '2023-06-06 09:08:47', 1),
	(4, 2, NULL, 1, '8420-F1F8-DF0D-D3D9', '2023-06-06 09:08:47', 1),
	(5, 2, NULL, 6, 'B77F-8707-CDC0-F6D6', '2023-06-06 09:08:47', 1),
	(6, 2, NULL, 6, 'B9C0-D944-1537-9E86', '2023-06-06 09:08:47', 1),
	(7, 2, NULL, 6, '8ED1-56DA-5E61-2687', '2023-06-06 09:08:47', 1),
	(8, 2, NULL, 6, '6BA8-1C28-D7E8-D96B', '2023-06-06 09:08:47', 1),
	(9, 2, NULL, 6, '9254-FF95-7F07-EF4C', '2023-06-06 09:08:47', 1),
	(10, 2, NULL, 7, 'DAD3-8878-76EB-0E55', '2023-06-06 09:08:47', 1),
	(11, 2, NULL, 7, 'EDCE-4798-66AD-1DC3', '2023-06-06 09:08:47', 1),
	(12, 2, NULL, 7, '04C2-2041-6674-DAAD', '2023-06-06 09:08:47', 1),
	(13, 2, NULL, 7, 'AEBB-83B3-3425-0248', '2023-06-06 09:08:47', 1),
	(14, 2, NULL, 7, '7178-28A6-22F3-DCE1', '2023-06-06 09:08:47', 1),
	(15, 2, NULL, 8, 'DE85-43E7-FDD3-31A9', '2023-06-06 09:08:47', 1),
	(16, 2, NULL, 9, '9CD0-6DD1-F2A9-E8E9', '2023-06-06 09:08:47', 1),
	(17, 2, NULL, 9, '6A7B-3D7D-FC85-7D9B', '2023-06-06 09:08:47', 1),
	(18, 2, NULL, 9, '91CE-BB3C-0A4B-5449', '2023-06-06 09:08:47', 1),
	(19, 2, NULL, 9, '8BBD-AE4C-BB17-E28B', '2023-06-06 09:08:47', 1),
	(20, 2, NULL, 9, '2800-E29F-9AF5-11D5', '2023-06-06 09:08:47', 1),
	(21, 2, NULL, 9, '5A58-A508-58AA-0FA1', '2023-06-06 09:08:47', 1),
	(22, 2, NULL, 9, 'DF76-FF59-EA12-E244', '2023-06-06 09:08:47', 1),
	(23, 2, NULL, 9, 'A6AB-C2AB-DADF-86A4', '2023-06-06 09:08:47', 1),
	(24, 2, NULL, 9, 'FBFC-D0E9-108D-A79C', '2023-06-06 09:08:47', 1),
	(25, 3, NULL, 1, 'FD6C-64D3-6FD8-3E5C', '2023-06-06 09:08:47', 1),
	(26, 3, NULL, 1, '163F-4B08-4E5D-4CEF', '2023-06-06 09:08:47', 1),
	(27, 3, NULL, 1, '894B-A709-A7BA-B0BB', '2023-06-06 09:08:47', 1),
	(28, 3, NULL, 1, 'D074-06D4-8F54-53C1', '2023-06-06 09:08:47', 1),
	(29, 3, NULL, 8, '8515-8DF3-C2D2-3477', '2023-06-06 09:08:47', 1),
	(30, 3, NULL, 8, '18E5-C05B-CB05-55AA', '2023-06-06 09:08:47', 1),
	(31, 3, NULL, 8, '9C67-601C-6D2D-7E07', '2023-06-06 09:08:47', 1),
	(32, 3, NULL, 8, '7618-03F8-507D-F70E', '2023-06-06 09:08:47', 1),
	(33, 3, NULL, 8, '2995-564C-3C67-CEF9', '2023-06-06 09:08:47', 1),
	(34, 3, NULL, 8, '30FF-D65A-7507-D80E', '2023-06-06 09:08:47', 1),
	(35, 4, NULL, 1, '1529-285B-A549-276E', '2023-06-06 09:08:47', 1),
	(36, 4, NULL, 1, 'CB39-619B-C1D8-C7CA', '2023-06-06 09:08:47', 1),
	(37, 6, NULL, 1, '080F-EFFD-7B11-4729', '2023-06-06 09:08:47', 1),
	(38, 6, NULL, 1, '8984-1469-37C7-710C', '2023-06-06 09:08:47', 1),
	(39, 6, NULL, 1, 'DF44-1F4B-81C6-D19F', '2023-06-06 09:08:47', 1),
	(40, 7, NULL, 1, '9037-8D80-3F3F-C691', '2023-06-06 09:08:47', 1),
	(41, 7, NULL, 1, '0F4E-64A1-EA59-2812', '2023-06-06 09:08:47', 1),
	(42, 7, NULL, 1, '1A0E-0657-A6D2-F99B', '2023-06-06 09:08:47', 1),
	(43, 7, NULL, 3, '3F0E-C624-CA99-2433', '2023-06-06 09:08:47', 1),
	(44, 7, NULL, 3, 'F6AB-59A7-718C-7C04', '2023-06-06 09:08:47', 1),
	(45, 7, NULL, 3, 'FFC0-F804-E5F8-A9F8', '2023-06-06 09:08:47', 1),
	(46, 7, NULL, 3, 'B52C-1DFC-D793-7E34', '2023-06-06 09:08:47', 1),
	(47, 7, NULL, 3, '44D1-7731-20AB-2A89', '2023-06-06 09:08:47', 1),
	(48, 7, NULL, 3, '2575-083F-C39D-CE82', '2023-06-06 09:08:47', 1),
	(49, 7, NULL, 3, 'D485-6B59-0236-2F10', '2023-06-06 09:08:47', 1),
	(50, 7, NULL, 6, '3635-ABB0-43FF-0A2D', '2023-06-06 09:08:47', 1),
	(51, 7, NULL, 6, '842F-F47A-9FB9-168B', '2023-06-06 09:08:47', 1),
	(52, 7, NULL, 6, '3868-D7BC-86A4-C703', '2023-06-06 09:08:47', 1),
	(53, 7, NULL, 7, '3EEB-DAB9-931D-248E', '2023-06-06 09:08:47', 1),
	(54, 7, NULL, 7, '6057-7BF7-DF44-A733', '2023-06-06 09:08:47', 1),
	(55, 7, NULL, 7, 'A3C6-7F01-7D22-E82A', '2023-06-06 09:08:47', 1),
	(56, 7, NULL, 7, 'A4B4-13CF-8AF0-89A1', '2023-06-06 09:08:47', 1),
	(57, 7, NULL, 7, 'E621-36EA-7242-E700', '2023-06-06 09:08:47', 1),
	(58, 7, NULL, 7, 'A515-3189-545C-15D4', '2023-06-06 09:08:47', 1),
	(59, 7, NULL, 8, '37B7-6E90-8973-6023', '2023-06-06 09:08:47', 1),
	(60, 7, NULL, 8, 'F56A-769B-BADD-8AAC', '2023-06-06 09:08:47', 1),
	(61, 7, NULL, 8, 'C947-E1DB-B714-0354', '2023-06-06 09:08:47', 1),
	(62, 7, NULL, 8, '5173-4E3D-91CF-85FF', '2023-06-06 09:08:47', 1),
	(63, 7, NULL, 8, 'D887-673F-EC37-416C', '2023-06-06 09:08:47', 1),
	(64, 7, NULL, 8, 'C8B1-22EB-0324-DC22', '2023-06-06 09:08:47', 1),
	(65, 7, NULL, 8, 'A0E0-1B90-BA2C-F2C4', '2023-06-06 09:08:47', 1),
	(66, 7, NULL, 8, 'FD3B-0E52-6134-CAA7', '2023-06-06 09:08:47', 1),
	(67, 7, NULL, 8, 'C209-F47D-7A85-92BA', '2023-06-06 09:08:47', 1),
	(68, 7, NULL, 8, 'D8B9-447B-2D44-F49E', '2023-06-06 09:08:47', 1),
	(69, 7, NULL, 9, '74C9-7870-14CA-779F', '2023-06-06 09:08:47', 1),
	(70, 7, NULL, 9, '965A-0988-891A-C116', '2023-06-06 09:08:47', 1),
	(71, 14, 56, 1, '3823-C7C7-F39C-2303', '2023-06-06 09:08:47', 0),
	(72, 14, NULL, 4, 'A62A-1858-B3FC-6E6B', '2023-06-06 09:08:47', 1),
	(73, 14, NULL, 4, '7213-AA2A-AA74-C77E', '2023-06-06 09:08:47', 1),
	(74, 14, NULL, 4, '3001-54FA-ED4B-462D', '2023-06-06 09:08:47', 1),
	(75, 14, NULL, 4, '64B5-0CCD-EED4-893D', '2023-06-06 09:08:47', 1),
	(76, 14, NULL, 4, '57FB-E60B-8181-E476', '2023-06-06 09:08:47', 1),
	(77, 14, NULL, 4, '5F7F-AF4A-1A92-5A43', '2023-06-06 09:08:47', 1),
	(78, 14, NULL, 4, 'F4BC-CDF4-316F-9684', '2023-06-06 09:08:47', 1),
	(79, 15, NULL, 5, 'E725-12F5-BB4D-6E06', '2023-06-06 09:08:47', 1),
	(80, 15, NULL, 5, '680B-A0A8-90E7-48F1', '2023-06-06 09:08:47', 1),
	(81, 15, NULL, 5, 'C9B6-CFC3-B49A-A9D3', '2023-06-06 09:08:47', 1),
	(82, 15, NULL, 5, '5AE7-168E-D453-199A', '2023-06-06 09:08:47', 1),
	(83, 15, NULL, 5, '05B9-3766-BE62-C8E5', '2023-06-06 09:08:47', 1),
	(84, 15, NULL, 5, 'DD98-AB40-72D1-DF57', '2023-06-06 09:08:47', 1),
	(85, 15, NULL, 5, '20A3-D258-C2AE-96DD', '2023-06-06 09:08:47', 1),
	(86, 15, NULL, 6, '04BF-5299-9F20-6DB2', '2023-06-06 09:08:47', 1),
	(87, 15, NULL, 6, '1DB7-182F-D518-D9C1', '2023-06-06 09:08:47', 1),
	(88, 15, NULL, 7, '391E-26F3-BBF6-5615', '2023-06-06 09:08:47', 1),
	(89, 15, NULL, 7, '10ED-35D7-C3E0-585D', '2023-06-06 09:08:47', 1),
	(90, 15, NULL, 8, '684D-E0A4-DC24-377E', '2023-06-06 09:08:47', 1),
	(91, 15, NULL, 8, '0360-EE24-663D-F463', '2023-06-06 09:08:47', 1),
	(92, 15, NULL, 8, '5D6B-0FD9-1171-CE2A', '2023-06-06 09:08:47', 1),
	(93, 15, NULL, 8, '53D0-1CC6-39DE-9AC1', '2023-06-06 09:08:47', 1),
	(94, 15, NULL, 8, '41E5-B8E2-DDFB-0033', '2023-06-06 09:08:47', 1),
	(95, 15, NULL, 8, 'A8AA-17A7-A2FF-21E2', '2023-06-06 09:08:47', 1),
	(96, 15, NULL, 8, 'F2C1-4A72-7761-4151', '2023-06-06 09:08:47', 1),
	(97, 15, NULL, 9, 'AC6D-577A-1D46-E56C', '2023-06-06 09:08:47', 1),
	(98, 15, NULL, 9, '976B-3252-03AD-3463', '2023-06-06 09:08:47', 1),
	(99, 15, NULL, 9, '2511-B2A8-E27B-B14A', '2023-06-06 09:08:47', 1),
	(100, 15, NULL, 9, '18A7-0ED9-8B87-775A', '2023-06-06 09:08:47', 1),
	(101, 15, NULL, 9, '1CA5-FE53-E388-524A', '2023-06-06 09:08:47', 1),
	(102, 15, NULL, 9, 'D16D-F944-B118-7765', '2023-06-06 09:08:47', 1),
	(103, 15, NULL, 9, '12CA-727C-DFCC-D44C', '2023-06-06 09:08:47', 1),
	(104, 17, NULL, 4, '80A3-BBDD-BF45-EB0E', '2023-06-06 09:08:47', 1),
	(105, 17, NULL, 6, 'D61E-9F47-BF0E-0281', '2023-06-06 09:08:47', 1),
	(106, 17, NULL, 6, 'A173-FC2E-F6DD-1AFE', '2023-06-06 09:08:47', 1),
	(107, 17, NULL, 6, '0191-2815-62B2-34DD', '2023-06-06 09:08:47', 1),
	(108, 17, NULL, 6, 'A59E-FC11-5948-3243', '2023-06-06 09:08:47', 1),
	(109, 17, NULL, 6, '057C-F697-599B-CDA4', '2023-06-06 09:08:47', 1),
	(110, 17, NULL, 6, 'DD2C-D033-0446-5063', '2023-06-06 09:08:47', 1),
	(111, 17, NULL, 7, '86D5-4536-66C3-F671', '2023-06-06 09:08:47', 1),
	(112, 17, NULL, 7, '52E4-F5D7-2267-14C7', '2023-06-06 09:08:47', 1),
	(113, 17, NULL, 7, '9250-51CC-9150-7B1C', '2023-06-06 09:08:47', 1),
	(114, 17, NULL, 7, '515C-939C-03EF-C837', '2023-06-06 09:08:47', 1),
	(115, 17, NULL, 7, '47B6-50D8-F4DF-FFC6', '2023-06-06 09:08:47', 1),
	(116, 17, NULL, 8, '6B52-5827-18A7-1E5D', '2023-06-06 09:08:47', 1),
	(117, 17, NULL, 8, '14D2-84A5-D1A4-D6C9', '2023-06-06 09:08:47', 1),
	(118, 17, NULL, 8, 'D98C-F6CE-1394-8E48', '2023-06-06 09:08:47', 1),
	(119, 17, NULL, 8, '0BFE-62D2-891E-F094', '2023-06-06 09:08:47', 1),
	(120, 17, NULL, 8, 'B3F4-CBA1-8CE2-7E47', '2023-06-06 09:08:47', 1),
	(121, 17, NULL, 8, '639F-B60D-660C-F473', '2023-06-06 09:08:47', 1),
	(122, 17, NULL, 8, 'B66F-6671-F0F9-5D9B', '2023-06-06 09:08:47', 1),
	(123, 17, NULL, 8, '9AE4-ECA8-A51B-9262', '2023-06-06 09:08:47', 1),
	(124, 17, NULL, 8, '5657-F6DE-7EF1-E7A8', '2023-06-06 09:08:47', 1),
	(125, 17, NULL, 9, '98F0-7FA7-2B67-9EDF', '2023-06-06 09:08:47', 1),
	(126, 17, NULL, 9, 'A55C-619A-14EF-6A9D', '2023-06-06 09:08:47', 1),
	(127, 17, NULL, 9, '0551-9512-EEB4-1D53', '2023-06-06 09:08:47', 1),
	(128, 17, NULL, 9, '502F-6BDC-4E05-8264', '2023-06-06 09:08:47', 1),
	(129, 17, NULL, 9, '3201-681F-3AD9-DE0B', '2023-06-06 09:08:47', 1),
	(130, 17, NULL, 9, 'E2E8-D73A-FC47-133F', '2023-06-06 09:08:47', 1),
	(131, 17, NULL, 9, '395B-606F-0491-499C', '2023-06-06 09:08:47', 1),
	(132, 17, NULL, 9, '7C85-5EC9-4AD8-EA71', '2023-06-06 09:08:47', 1),
	(133, 17, NULL, 9, '0A58-0415-6A8B-F92F', '2023-06-06 09:08:47', 1),
	(134, 17, NULL, 9, '4D78-1AFF-62BA-AAB2', '2023-06-06 09:08:47', 1),
	(135, 18, NULL, 8, '240F-7D37-F8AB-DF3D', '2023-06-06 09:08:47', 1),
	(136, 18, NULL, 8, '9E38-197F-E063-4BD1', '2023-06-06 09:08:47', 1),
	(137, 18, NULL, 8, 'BAF9-E5BD-C207-64BB', '2023-06-06 09:08:47', 1),
	(138, 18, NULL, 8, '1ED4-E5EB-23EC-55E3', '2023-06-06 09:08:47', 1),
	(139, 18, NULL, 8, '67D6-9497-0AFE-35E4', '2023-06-06 09:08:47', 1),
	(140, 19, NULL, 1, '42E2-14A7-0E67-AB13', '2023-06-06 09:08:47', 1),
	(141, 19, NULL, 1, '260A-D70D-5FFF-A5CA', '2023-06-06 09:08:47', 1),
	(142, 19, NULL, 1, 'C152-B0F0-E032-C3EB', '2023-06-06 09:08:47', 1),
	(143, 19, NULL, 1, '217D-7E63-43F7-1405', '2023-06-06 09:08:47', 1),
	(144, 19, NULL, 1, '2D79-A211-B328-A068', '2023-06-06 09:08:47', 1),
	(145, 19, NULL, 1, 'CC8F-34B9-E3C3-66ED', '2023-06-06 09:08:47', 1),
	(146, 19, NULL, 4, '033A-2D91-2535-7F35', '2023-06-06 09:08:47', 1),
	(147, 19, NULL, 4, 'F06E-0E03-9710-867B', '2023-06-06 09:08:47', 1),
	(148, 19, NULL, 4, '3D1E-8568-53BE-5A99', '2023-06-06 09:08:47', 1),
	(149, 19, NULL, 4, '7F2C-BFED-7658-0303', '2023-06-06 09:08:47', 1),
	(150, 19, NULL, 4, '060F-C194-D08D-C152', '2023-06-06 09:08:47', 1),
	(151, 19, NULL, 4, 'E421-B159-4AAC-75E3', '2023-06-06 09:08:47', 1),
	(152, 19, NULL, 4, '2B51-7AFB-D07F-F11A', '2023-06-06 09:08:47', 1),
	(153, 19, NULL, 6, '86BD-D39F-753E-BDEB', '2023-06-06 09:08:47', 1),
	(154, 19, NULL, 6, '4127-D702-C52B-513A', '2023-06-06 09:08:47', 1),
	(155, 19, NULL, 6, '1411-911C-D8B8-99FC', '2023-06-06 09:08:47', 1),
	(156, 19, NULL, 6, 'CD8F-9B54-747A-5D7A', '2023-06-06 09:08:47', 1),
	(157, 19, NULL, 6, 'FFAC-1007-289A-F5E0', '2023-06-06 09:08:47', 1),
	(158, 19, NULL, 6, 'DE7D-5163-D21C-21FD', '2023-06-06 09:08:47', 1),
	(159, 19, NULL, 7, '6F5C-8276-AD06-2C7C', '2023-06-06 09:08:47', 1),
	(160, 19, NULL, 7, '1162-CB49-0431-1586', '2023-06-06 09:08:47', 1),
	(161, 19, NULL, 7, '0FE7-F2BA-323B-A946', '2023-06-06 09:08:47', 1),
	(162, 19, NULL, 7, '1A33-02B6-9304-7791', '2023-06-06 09:08:47', 1),
	(163, 19, NULL, 7, '901A-6F84-8875-672F', '2023-06-06 09:08:47', 1),
	(164, 19, NULL, 8, '5F48-870F-2DD1-8805', '2023-06-06 09:08:47', 1),
	(165, 19, NULL, 8, '0F53-CA18-4BFA-3674', '2023-06-06 09:08:47', 1),
	(166, 19, NULL, 8, '522E-8B3E-2291-894A', '2023-06-06 09:08:47', 1),
	(167, 19, NULL, 8, 'C205-27BF-D525-3335', '2023-06-06 09:08:47', 1),
	(168, 19, NULL, 8, '78C3-CC8C-416F-0654', '2023-06-06 09:08:47', 1),
	(169, 19, NULL, 8, '46FC-72C8-E958-3D22', '2023-06-06 09:08:47', 1),
	(170, 19, NULL, 9, 'FB2E-463A-00B2-DEFE', '2023-06-06 09:08:47', 1),
	(171, 19, NULL, 9, 'A031-E50C-C43D-3630', '2023-06-06 09:08:47', 1),
	(172, 20, NULL, 3, '4134-727F-28CA-AEBC', '2023-06-06 09:08:47', 1),
	(173, 20, NULL, 3, '6CB6-4DA2-0E2A-5A06', '2023-06-06 09:08:47', 1),
	(174, 20, NULL, 3, 'E087-9007-E982-F046', '2023-06-06 09:08:47', 1),
	(175, 20, NULL, 3, '9EE2-F51F-8E38-FA43', '2023-06-06 09:08:47', 1),
	(176, 20, NULL, 3, 'E50C-996E-C4CF-CEFC', '2023-06-06 09:08:47', 1),
	(177, 20, NULL, 3, 'E912-9F05-E697-FE38', '2023-06-06 09:08:47', 1),
	(178, 20, NULL, 3, 'E05E-A94C-C24E-3F01', '2023-06-06 09:08:47', 1),
	(179, 20, NULL, 3, 'D97B-FBD7-4E6F-D8AF', '2023-06-06 09:08:47', 1),
	(180, 20, NULL, 7, '21EF-6609-91D7-4F60', '2023-06-06 09:08:47', 1),
	(181, 20, NULL, 7, '50DA-4E00-0EE1-B859', '2023-06-06 09:08:47', 1),
	(182, 20, NULL, 7, '3B54-01D2-2E95-BC7E', '2023-06-06 09:08:47', 1),
	(183, 20, NULL, 7, 'A360-9222-C9A0-6053', '2023-06-06 09:08:47', 1),
	(184, 20, NULL, 7, '07FD-36F9-7816-8097', '2023-06-06 09:08:47', 1),
	(185, 20, NULL, 8, 'DC77-0987-0C1F-E084', '2023-06-06 09:08:47', 1),
	(186, 20, NULL, 8, '8A50-B0C8-4E39-076D', '2023-06-06 09:08:47', 1),
	(187, 20, NULL, 8, '0672-244B-D353-1738', '2023-06-06 09:08:47', 1),
	(188, 20, NULL, 8, '10AD-E7E0-4D1A-AED6', '2023-06-06 09:08:47', 1),
	(189, 20, NULL, 8, '5AE1-1331-32F5-0779', '2023-06-06 09:08:47', 1),
	(190, 20, NULL, 8, '2FDB-5E26-FE76-7E48', '2023-06-06 09:08:47', 1),
	(191, 20, NULL, 8, 'DCE4-B731-4F73-0AF9', '2023-06-06 09:08:47', 1),
	(192, 20, NULL, 8, '74F9-CC4E-2B2C-B99B', '2023-06-06 09:08:47', 1),
	(193, 21, NULL, 3, '0608-F3D8-9ABF-C6DC', '2023-06-06 09:08:47', 1),
	(194, 21, NULL, 3, 'FEA6-145C-81BC-4C14', '2023-06-06 09:08:47', 1),
	(195, 21, NULL, 3, '2E96-7890-B18D-6DAC', '2023-06-06 09:08:47', 1),
	(196, 21, NULL, 3, '4E7B-74B0-9370-FFC2', '2023-06-06 09:08:47', 1),
	(197, 21, NULL, 3, 'C623-5CF2-433E-A998', '2023-06-06 09:08:47', 1),
	(198, 21, NULL, 6, '75CA-B592-B2F6-880D', '2023-06-06 09:08:47', 1),
	(199, 21, NULL, 6, 'C0C1-A201-B757-2432', '2023-06-06 09:08:47', 1),
	(200, 21, NULL, 6, 'A2E3-1F55-1AC7-B8F0', '2023-06-06 09:08:47', 1),
	(201, 21, NULL, 6, '8F37-116F-6F1A-51CA', '2023-06-06 09:08:47', 1),
	(202, 21, NULL, 6, '12FE-86B9-8091-B77F', '2023-06-06 09:08:47', 1),
	(203, 21, NULL, 6, '1B73-0970-B334-E050', '2023-06-06 09:08:47', 1),
	(204, 21, NULL, 6, '9849-9C3B-E126-7A28', '2023-06-06 09:08:47', 1),
	(205, 21, NULL, 6, 'F708-7BA8-0DF1-00BA', '2023-06-06 09:08:47', 1),
	(206, 21, NULL, 7, '1E07-1692-A580-69C4', '2023-06-06 09:08:47', 1),
	(207, 21, NULL, 7, 'A62A-649B-8114-8172', '2023-06-06 09:08:47', 1),
	(208, 21, NULL, 7, '41DF-B027-9975-17D0', '2023-06-06 09:08:47', 1),
	(209, 21, NULL, 7, '8A8F-9D32-1250-6720', '2023-06-06 09:08:47', 1),
	(210, 21, NULL, 7, '5509-A566-C289-446D', '2023-06-06 09:08:47', 1),
	(211, 21, NULL, 7, '8AC4-8B4F-A79C-B95B', '2023-06-06 09:08:47', 1),
	(212, 21, NULL, 7, '4D49-06AB-80EC-AB77', '2023-06-06 09:08:47', 1),
	(213, 21, NULL, 8, 'F098-AFAD-5C0F-7804', '2023-06-06 09:08:47', 1),
	(214, 21, NULL, 8, '1D7A-555E-BE65-B15C', '2023-06-06 09:08:47', 1),
	(215, 21, NULL, 8, '3CF7-E084-1E50-02E8', '2023-06-06 09:08:47', 1),
	(216, 21, NULL, 8, 'C2B9-41E7-C688-5831', '2023-06-06 09:08:47', 1),
	(217, 21, NULL, 8, '7E82-5E3C-3391-CE09', '2023-06-06 09:08:47', 1),
	(218, 21, NULL, 8, '412E-B55E-891A-515A', '2023-06-06 09:08:47', 1),
	(219, 21, NULL, 9, '0797-E7D2-CF50-2CB4', '2023-06-06 09:08:47', 1),
	(220, 21, NULL, 9, '7BF3-69AE-670F-78FD', '2023-06-06 09:08:47', 1),
	(221, 21, NULL, 9, '4D94-A564-1E14-9CEE', '2023-06-06 09:08:47', 1),
	(222, 21, NULL, 9, 'ED91-782C-ED3A-AE6C', '2023-06-06 09:08:47', 1),
	(223, 22, NULL, 1, 'C50B-CC2C-1F71-8816', '2023-06-06 09:08:47', 1),
	(224, 22, NULL, 1, '7E72-616D-1832-598D', '2023-06-06 09:08:47', 1),
	(225, 22, NULL, 1, '915A-BC01-A136-F585', '2023-06-06 09:08:47', 1),
	(226, 22, NULL, 1, 'CAC6-EBFF-3552-BFA6', '2023-06-06 09:08:47', 1),
	(227, 22, NULL, 1, '8FE4-D561-045C-3AB7', '2023-06-06 09:08:47', 1),
	(228, 22, NULL, 1, '9170-E69B-5E8F-B3AD', '2023-06-06 09:08:47', 1),
	(229, 22, NULL, 1, '48AF-5371-2FA3-3B15', '2023-06-06 09:08:47', 1),
	(230, 22, NULL, 1, '3E90-D295-CD94-FF75', '2023-06-06 09:08:47', 1),
	(231, 22, NULL, 2, '8CD1-5C67-E5CF-3C07', '2023-06-06 09:08:47', 1),
	(232, 22, NULL, 2, '8BDC-0E11-985D-2D6C', '2023-06-06 09:08:47', 1),
	(233, 22, NULL, 2, 'DD8A-7D41-F485-6BBA', '2023-06-06 09:08:47', 1),
	(234, 22, NULL, 2, 'E35D-8779-7BBE-5061', '2023-06-06 09:08:47', 1),
	(235, 22, NULL, 2, '50B9-7411-7F18-FCC7', '2023-06-06 09:08:47', 1),
	(236, 22, NULL, 4, '7947-9599-9E0E-6917', '2023-06-06 09:08:47', 1),
	(237, 22, NULL, 4, '6D72-4D49-B897-E05C', '2023-06-06 09:08:47', 1),
	(238, 22, NULL, 4, '03EC-5A9E-7AAD-1CC2', '2023-06-06 09:08:47', 1),
	(239, 22, NULL, 4, '1190-D6EF-CC30-81AA', '2023-06-06 09:08:47', 1),
	(240, 22, NULL, 4, '70FE-4727-EB87-5155', '2023-06-06 09:08:47', 1),
	(241, 22, NULL, 4, '9D4D-0655-A7C4-6942', '2023-06-06 09:08:47', 1),
	(242, 22, NULL, 4, 'E1A2-1DFC-3D41-7FB1', '2023-06-06 09:08:47', 1),
	(243, 22, NULL, 4, '67C9-CCDF-F07F-2965', '2023-06-06 09:08:47', 1),
	(244, 22, NULL, 4, 'B2B4-59E7-43CC-BA52', '2023-06-06 09:08:47', 1),
	(245, 22, NULL, 4, 'C55F-A380-8408-6FDF', '2023-06-06 09:08:47', 1),
	(246, 22, NULL, 4, '9756-7F8A-09F3-774C', '2023-06-06 09:08:47', 1),
	(247, 22, NULL, 7, '4B51-2949-E843-930C', '2023-06-06 09:08:47', 1),
	(248, 22, NULL, 7, '619C-2CD4-81F1-EF8C', '2023-06-06 09:08:47', 1),
	(249, 22, NULL, 7, '0C9C-6FA3-0DEC-BCC0', '2023-06-06 09:08:47', 1),
	(250, 22, NULL, 8, '89B1-E2CA-7FB9-0B2F', '2023-06-06 09:08:47', 1),
	(251, 22, NULL, 8, '693E-BABB-9DDA-86D5', '2023-06-06 09:08:47', 1),
	(252, 22, NULL, 8, '1F32-4F64-1FF9-E7E2', '2023-06-06 09:08:47', 1),
	(253, 22, NULL, 8, '878D-AA74-A958-C6B8', '2023-06-06 09:08:47', 1),
	(254, 22, NULL, 8, 'A6D7-C947-D3B4-811D', '2023-06-06 09:08:47', 1),
	(255, 23, NULL, 1, '03B3-BAC7-090C-12B5', '2023-06-06 09:08:47', 1),
	(256, 23, NULL, 2, '54E1-B7DB-CA74-8B3B', '2023-06-06 09:08:47', 1),
	(257, 23, NULL, 4, 'F207-F54A-1548-BEB0', '2023-06-06 09:08:47', 1),
	(258, 23, NULL, 4, 'FB1C-5689-BB07-49D2', '2023-06-06 09:08:47', 1),
	(259, 23, NULL, 4, '7482-5A59-C582-4A13', '2023-06-06 09:08:47', 1),
	(260, 23, NULL, 4, 'E62A-7102-6389-C217', '2023-06-06 09:08:47', 1),
	(261, 23, NULL, 4, '559B-0AAB-CBA3-A4C5', '2023-06-06 09:08:47', 1),
	(262, 23, NULL, 4, '68E6-5E05-BE34-65E1', '2023-06-06 09:08:47', 1),
	(263, 23, NULL, 4, '9859-70A0-A22B-C5A1', '2023-06-06 09:08:47', 1),
	(264, 23, NULL, 6, '2AB9-65EC-492B-8B5F', '2023-06-06 09:08:47', 1),
	(265, 23, NULL, 6, '4ED0-55BC-E5F5-5EF8', '2023-06-06 09:08:47', 1),
	(266, 23, NULL, 6, 'B544-BD66-41F6-413F', '2023-06-06 09:08:47', 1),
	(267, 23, NULL, 6, '4E55-C610-605E-BDEA', '2023-06-06 09:08:47', 1),
	(268, 23, NULL, 6, '4A79-9097-AFA1-4C4A', '2023-06-06 09:08:47', 1),
	(269, 23, NULL, 6, '99A0-9E79-2A9F-C3E2', '2023-06-06 09:08:47', 1),
	(270, 23, NULL, 7, '9695-976B-A52E-EB00', '2023-06-06 09:08:47', 1),
	(271, 23, NULL, 7, 'DFB9-FC3D-30B8-552A', '2023-06-06 09:08:47', 1),
	(272, 23, NULL, 7, '8190-45BB-37C2-4FFA', '2023-06-06 09:08:47', 1),
	(273, 23, NULL, 7, 'DCC6-DEE9-FB8F-E6EB', '2023-06-06 09:08:47', 1),
	(274, 23, NULL, 7, '05BC-41E6-7B0A-6620', '2023-06-06 09:08:47', 1),
	(275, 23, NULL, 7, '6D90-B236-5D4E-01E3', '2023-06-06 09:08:47', 1),
	(276, 23, NULL, 7, 'C3A2-0CCB-E33A-2D8F', '2023-06-06 09:08:47', 1),
	(277, 23, NULL, 7, '3A03-67F6-FD5A-2D89', '2023-06-06 09:08:47', 1),
	(278, 23, NULL, 8, '9C91-83BE-E333-8ECB', '2023-06-06 09:08:47', 1),
	(279, 23, NULL, 8, 'EFCD-9B21-538A-5D4C', '2023-06-06 09:08:47', 1),
	(280, 23, NULL, 8, 'F1B8-1B44-CAAB-5779', '2023-06-06 09:08:47', 1),
	(281, 23, NULL, 9, 'BCFB-F684-E316-F269', '2023-06-06 09:08:47', 1),
	(282, 23, NULL, 9, 'B0C8-B32B-395E-8FB2', '2023-06-06 09:08:47', 1),
	(283, 23, NULL, 9, '392F-75AA-BA2D-C697', '2023-06-06 09:08:47', 1),
	(284, 23, NULL, 9, 'A708-F840-66E4-26BF', '2023-06-06 09:08:47', 1),
	(285, 23, NULL, 9, '9428-EF10-6942-9A3E', '2023-06-06 09:08:47', 1),
	(286, 23, NULL, 9, '7AB8-5704-7F0F-C639', '2023-06-06 09:08:47', 1),
	(287, 24, NULL, 1, 'CEB2-D73A-6158-074F', '2023-06-06 09:08:47', 1),
	(288, 24, NULL, 1, 'B57A-4D2F-A5F6-FEBB', '2023-06-06 09:08:47', 1),
	(289, 24, NULL, 1, '098D-E318-9CC0-D7B1', '2023-06-06 09:08:47', 1),
	(290, 24, NULL, 1, 'D5AD-ACC0-AC2E-DFFA', '2023-06-06 09:08:47', 1),
	(291, 24, NULL, 1, 'C17F-9323-96C2-4918', '2023-06-06 09:08:47', 1),
	(292, 24, NULL, 1, '361C-230F-AD25-77C9', '2023-06-06 09:08:47', 1),
	(293, 24, NULL, 1, '8493-90C8-7F13-F6A2', '2023-06-06 09:08:47', 1),
	(294, 24, NULL, 1, 'E66C-71CA-56BA-126A', '2023-06-06 09:08:47', 1),
	(295, 24, NULL, 1, '0C31-2BE0-EE62-8A61', '2023-06-06 09:08:47', 1),
	(296, 24, NULL, 1, '349E-13CD-EB45-7228', '2023-06-06 09:08:47', 1),
	(297, 24, NULL, 2, '28C0-E179-F037-0613', '2023-06-06 09:08:47', 1),
	(298, 24, NULL, 2, '039B-74A9-7EEE-BF3D', '2023-06-06 09:08:47', 1),
	(299, 24, NULL, 2, '190E-0DEB-5A63-36C6', '2023-06-06 09:08:47', 1),
	(300, 24, NULL, 2, '4B60-6622-3702-3CF9', '2023-06-06 09:08:47', 1),
	(301, 24, NULL, 2, '040B-4AED-C868-04FC', '2023-06-06 09:08:47', 1),
	(302, 24, NULL, 2, 'DB68-EAE4-9459-3702', '2023-06-06 09:08:47', 1),
	(303, 24, NULL, 2, 'CC07-6719-87DA-4447', '2023-06-06 09:08:47', 1),
	(304, 24, NULL, 6, '5A7E-7E8A-8EE5-682C', '2023-06-06 09:08:47', 1),
	(305, 24, NULL, 6, '8618-DF8D-DA1B-AD97', '2023-06-06 09:08:47', 1),
	(306, 24, NULL, 6, '8A1E-367B-6BDE-F33A', '2023-06-06 09:08:47', 1),
	(307, 24, NULL, 6, '29DF-AC3E-7B91-4F15', '2023-06-06 09:08:47', 1),
	(308, 24, NULL, 7, '7E3A-E2BA-CC41-C1F4', '2023-06-06 09:08:47', 1),
	(309, 24, NULL, 7, 'A5A5-22B3-D9EA-46B6', '2023-06-06 09:08:47', 1),
	(310, 24, NULL, 7, 'A992-9A7B-2444-495C', '2023-06-06 09:08:47', 1),
	(311, 24, NULL, 7, 'AFD2-D403-A4BE-5F35', '2023-06-06 09:08:47', 1),
	(312, 24, NULL, 7, 'EB29-857D-352E-0FC5', '2023-06-06 09:08:47', 1),
	(313, 24, NULL, 7, 'B66E-B4B0-62AC-010D', '2023-06-06 09:08:47', 1),
	(314, 24, NULL, 7, 'CAE4-AACA-DE82-E9D2', '2023-06-06 09:08:47', 1),
	(315, 24, NULL, 8, '155D-EF37-1242-E093', '2023-06-06 09:08:47', 1),
	(316, 24, NULL, 8, '9A85-33F6-D0C2-47D3', '2023-06-06 09:08:47', 1),
	(317, 24, NULL, 8, '99DB-2D30-8CA1-0D30', '2023-06-06 09:08:47', 1),
	(318, 24, NULL, 8, 'E665-C3EA-625B-F571', '2023-06-06 09:08:47', 1),
	(319, 24, NULL, 8, '977C-523B-33B2-C49E', '2023-06-06 09:08:47', 1),
	(320, 24, NULL, 8, '5C90-1E25-82CC-A11A', '2023-06-06 09:08:47', 1),
	(321, 24, NULL, 8, '52D0-6693-741C-BFD5', '2023-06-06 09:08:47', 1),
	(322, 24, NULL, 8, 'F5D8-20A5-00F3-92FC', '2023-06-06 09:08:47', 1),
	(323, 24, NULL, 8, 'FD2E-66D7-ECB5-6663', '2023-06-06 09:08:47', 1),
	(324, 24, NULL, 8, '819B-FB1E-755E-BCC2', '2023-06-06 09:08:47', 1),
	(325, 24, NULL, 9, 'AAF3-B627-6286-62CF', '2023-06-06 09:08:47', 1),
	(326, 24, NULL, 9, 'EAA8-7BF7-77F8-028C', '2023-06-06 09:08:47', 1),
	(327, 24, NULL, 9, 'B220-230D-66C9-DD61', '2023-06-06 09:08:47', 1),
	(328, 24, NULL, 9, '0D67-D811-73D1-5875', '2023-06-06 09:08:47', 1),
	(329, 24, NULL, 9, '6391-AAF4-1626-405F', '2023-06-06 09:08:47', 1),
	(330, 24, NULL, 9, 'C6D4-2677-4F59-90D7', '2023-06-06 09:08:47', 1),
	(331, 25, NULL, 1, 'B151-923E-DCAF-5964', '2023-06-06 09:08:47', 1),
	(332, 25, NULL, 1, '999A-56CC-1FEC-2A0A', '2023-06-06 09:08:47', 1),
	(333, 25, NULL, 1, '3E33-EEBF-6411-9147', '2023-06-06 09:08:47', 1),
	(334, 25, NULL, 1, 'AFC8-ED9E-A63F-9149', '2023-06-06 09:08:47', 1),
	(335, 25, NULL, 1, 'A813-38D8-EB89-C562', '2023-06-06 09:08:47', 1),
	(336, 25, NULL, 1, '7046-B961-B0C6-EE7C', '2023-06-06 09:08:47', 1),
	(337, 25, NULL, 1, 'A43A-1CFD-5AB7-EAA2', '2023-06-06 09:08:47', 1),
	(338, 25, NULL, 2, '6896-52C7-1F40-8914', '2023-06-06 09:08:47', 1),
	(339, 25, NULL, 2, '5C6C-C328-0F1B-373E', '2023-06-06 09:08:47', 1),
	(340, 25, NULL, 2, '23BF-2A24-CF74-5C2B', '2023-06-06 09:08:47', 1),
	(341, 25, NULL, 2, '0211-C040-924D-275D', '2023-06-06 09:08:47', 1),
	(342, 25, NULL, 2, '587B-41AD-0169-0A25', '2023-06-06 09:08:47', 1),
	(343, 25, NULL, 4, '9CB2-77A5-9DFB-48FC', '2023-06-06 09:08:47', 1),
	(344, 25, NULL, 4, '7348-D51D-E055-D269', '2023-06-06 09:08:47', 1),
	(345, 25, NULL, 4, '90D9-0E06-79E7-5ABF', '2023-06-06 09:08:47', 1),
	(346, 25, NULL, 4, '4BE0-C7C5-8CC0-136B', '2023-06-06 09:08:47', 1),
	(347, 25, NULL, 4, '7D49-2EF7-E831-0A65', '2023-06-06 09:08:47', 1),
	(348, 25, NULL, 4, '7302-6F92-4ACE-8DDD', '2023-06-06 09:08:47', 1),
	(349, 25, NULL, 4, '0EEF-3BF8-7E16-5DA6', '2023-06-06 09:08:47', 1),
	(350, 25, NULL, 4, '5811-9492-C4DB-441B', '2023-06-06 09:08:47', 1),
	(351, 25, NULL, 4, '4F1F-78DC-D18D-0FD3', '2023-06-06 09:08:47', 1),
	(352, 25, NULL, 6, 'BD80-D315-42ED-C67C', '2023-06-06 09:08:47', 1),
	(353, 25, NULL, 6, '2D00-DBF3-9AB3-33A4', '2023-06-06 09:08:47', 1),
	(354, 25, NULL, 6, 'F7B9-4518-A85E-C8F7', '2023-06-06 09:08:47', 1),
	(355, 25, NULL, 6, '1E30-906F-3EDC-A456', '2023-06-06 09:08:47', 1),
	(356, 25, NULL, 7, '1258-53C3-2F6E-8EF9', '2023-06-06 09:08:47', 1),
	(357, 25, NULL, 7, '4D8F-BAE6-6D07-4CEF', '2023-06-06 09:08:47', 1),
	(358, 25, NULL, 7, 'B4C2-9B0B-6096-212D', '2023-06-06 09:08:47', 1),
	(359, 25, NULL, 7, 'E934-5179-B8FA-CD9F', '2023-06-06 09:08:47', 1),
	(360, 25, NULL, 7, 'E85E-FE8B-27D8-C7C4', '2023-06-06 09:08:47', 1),
	(361, 25, NULL, 8, '8660-CFE3-E3FE-C4B2', '2023-06-06 09:08:47', 1),
	(362, 25, NULL, 8, '5F34-07A1-849E-E2FC', '2023-06-06 09:08:47', 1),
	(363, 25, NULL, 9, '0803-2777-E0B7-3CAE', '2023-06-06 09:08:47', 1),
	(364, 25, NULL, 9, '99B0-8D85-E9B6-66EA', '2023-06-06 09:08:47', 1),
	(365, 25, NULL, 9, '0F34-25BA-600F-4962', '2023-06-06 09:08:47', 1),
	(366, 25, NULL, 9, 'F8B0-EB3B-2D5D-F2E2', '2023-06-06 09:08:47', 1),
	(367, 25, NULL, 9, 'D2AD-BD27-0EBF-D58E', '2023-06-06 09:08:47', 1),
	(368, 25, NULL, 9, 'F0B9-0028-976E-C722', '2023-06-06 09:08:47', 1),
	(369, 25, NULL, 9, 'B1EA-D92C-BD27-3D8A', '2023-06-06 09:08:47', 1),
	(370, 25, NULL, 9, 'B369-D828-2815-10CE', '2023-06-06 09:08:47', 1),
	(371, 25, NULL, 9, '2177-F3FB-3932-87E3', '2023-06-06 09:08:47', 1),
	(372, 25, NULL, 9, 'D826-B0A4-258B-0F33', '2023-06-06 09:08:47', 1),
	(373, 26, NULL, 1, '4A22-349E-3B0F-87AC', '2023-06-06 09:08:47', 1),
	(374, 26, NULL, 1, 'A5BD-5D62-9872-929B', '2023-06-06 09:08:47', 1),
	(375, 26, NULL, 1, 'A24C-35B3-8670-054F', '2023-06-06 09:08:47', 1),
	(376, 26, NULL, 1, '9981-2963-2EFF-1A01', '2023-06-06 09:08:47', 1),
	(377, 26, NULL, 1, 'CFDE-E99A-3804-2D2F', '2023-06-06 09:08:47', 1),
	(378, 26, NULL, 1, 'A518-84A9-F3B5-B4CB', '2023-06-06 09:08:47', 1),
	(379, 26, NULL, 1, '1C46-CBF2-DDA9-A991', '2023-06-06 09:08:47', 1),
	(380, 26, NULL, 1, 'F487-EDB7-4A68-D97B', '2023-06-06 09:08:47', 1),
	(381, 26, NULL, 2, '2776-6DEE-24F7-414F', '2023-06-06 09:08:47', 1),
	(382, 26, NULL, 2, 'FBF3-21D3-192F-7E88', '2023-06-06 09:08:47', 1),
	(383, 26, NULL, 2, '2775-2799-9BFA-CE2C', '2023-06-06 09:08:47', 1),
	(384, 26, NULL, 2, '540C-3DE0-09B7-F4DD', '2023-06-06 09:08:47', 1),
	(385, 26, NULL, 6, '9EFB-F141-1C67-849C', '2023-06-06 09:08:47', 1),
	(386, 26, NULL, 6, '5092-E395-5069-6381', '2023-06-06 09:08:47', 1),
	(387, 26, NULL, 6, '746C-B638-4CB0-DA07', '2023-06-06 09:08:47', 1),
	(388, 26, NULL, 6, 'D6D8-C268-5281-4E02', '2023-06-06 09:08:47', 1),
	(389, 26, NULL, 6, '6A8F-379E-E370-4155', '2023-06-06 09:08:47', 1),
	(390, 26, NULL, 6, '197C-65B6-44A0-8654', '2023-06-06 09:08:47', 1),
	(391, 26, NULL, 6, '7DC0-4A09-9387-E7C1', '2023-06-06 09:08:47', 1),
	(392, 26, NULL, 6, '8F03-56BC-169B-39F3', '2023-06-06 09:08:47', 1),
	(393, 26, NULL, 6, 'CAAB-563C-55DC-88CD', '2023-06-06 09:08:47', 1),
	(394, 26, NULL, 6, '3C71-150C-1FCB-9D1B', '2023-06-06 09:08:47', 1),
	(395, 26, NULL, 6, 'BC65-805E-B81D-B621', '2023-06-06 09:08:47', 1),
	(396, 26, NULL, 6, '7DA9-2198-B55C-A6E1', '2023-06-06 09:08:47', 1),
	(397, 26, NULL, 6, '0429-F8C3-E57B-256B', '2023-06-06 09:08:47', 1),
	(398, 26, NULL, 6, '0F67-9386-8383-6B6C', '2023-06-06 09:08:47', 1),
	(399, 26, NULL, 7, '3E4D-E2FB-4674-F88C', '2023-06-06 09:08:47', 1),
	(400, 26, NULL, 7, '1F38-5927-ED8F-F593', '2023-06-06 09:08:47', 1),
	(401, 26, NULL, 7, '35EC-9D78-9D62-1761', '2023-06-06 09:08:47', 1),
	(402, 26, NULL, 8, '9BA5-C9F5-10A7-A312', '2023-06-06 09:08:47', 1),
	(403, 26, NULL, 8, '1928-7369-B6D8-D22A', '2023-06-06 09:08:47', 1),
	(404, 26, NULL, 8, '5244-AF7D-426B-3C95', '2023-06-06 09:08:47', 1),
	(405, 26, NULL, 8, '4569-D83C-7060-9ADF', '2023-06-06 09:08:47', 1),
	(406, 26, NULL, 8, '9C99-08EE-C566-B4CE', '2023-06-06 09:08:47', 1),
	(407, 26, NULL, 8, '3D24-87AE-A66A-A3B9', '2023-06-06 09:08:47', 1),
	(408, 26, NULL, 8, 'E87F-AD7C-0113-7A88', '2023-06-06 09:08:47', 1),
	(409, 26, NULL, 8, '891A-9C48-1EA0-A45E', '2023-06-06 09:08:47', 1),
	(410, 26, NULL, 9, '1B7C-D2EA-BA01-308F', '2023-06-06 09:08:47', 1),
	(411, 26, NULL, 9, '47C7-AA58-C671-2B16', '2023-06-06 09:08:47', 1),
	(412, 27, NULL, 1, '8D39-23B2-F33F-B2BB', '2023-06-06 09:08:47', 1),
	(413, 27, NULL, 1, 'DC6E-AB22-8C33-1BBF', '2023-06-06 09:08:47', 1),
	(414, 27, NULL, 1, '9598-D91B-AEAB-B2C1', '2023-06-06 09:08:47', 1),
	(415, 27, NULL, 1, '09A4-B6AD-B97B-F6B4', '2023-06-06 09:08:47', 1),
	(416, 27, NULL, 1, 'C519-4800-331B-3C0C', '2023-06-06 09:08:47', 1),
	(417, 27, NULL, 1, '8DB5-7534-054A-9684', '2023-06-06 09:08:47', 1),
	(418, 27, NULL, 4, '9B47-6B3F-109C-9013', '2023-06-06 09:08:47', 1),
	(419, 27, NULL, 4, '1A96-8BB4-569D-D3E3', '2023-06-06 09:08:47', 1),
	(420, 27, NULL, 4, 'B171-3249-F872-D88E', '2023-06-06 09:08:47', 1),
	(421, 27, NULL, 4, '755B-C501-B5B5-6A11', '2023-06-06 09:08:47', 1),
	(422, 27, NULL, 4, '158E-7AC6-04CA-F09E', '2023-06-06 09:08:47', 1),
	(423, 27, NULL, 4, '1467-9A1B-6D9F-F19F', '2023-06-06 09:08:47', 1),
	(424, 27, NULL, 6, '77AC-43CC-C9AE-C330', '2023-06-06 09:08:47', 1),
	(425, 27, NULL, 6, '3011-95F6-6AB0-27FA', '2023-06-06 09:08:47', 1),
	(426, 27, NULL, 9, 'A29C-EEDA-729A-D6E3', '2023-06-06 09:08:47', 1),
	(427, 27, NULL, 9, '7031-1507-F6B4-4BD6', '2023-06-06 09:08:47', 1),
	(428, 27, NULL, 9, '2589-53F8-BAE5-BAFF', '2023-06-06 09:08:47', 1),
	(429, 27, NULL, 9, 'CA85-E11F-3F28-53E4', '2023-06-06 09:08:47', 1),
	(430, 27, NULL, 9, 'B53E-7CB2-2643-B81A', '2023-06-06 09:08:47', 1),
	(431, 27, NULL, 9, '6ADF-B6B3-7391-C5BC', '2023-06-06 09:08:47', 1),
	(432, 27, NULL, 9, '8DFD-4081-18FD-7048', '2023-06-06 09:08:47', 1),
	(433, 27, NULL, 9, 'EF1D-76B4-4F8A-3A41', '2023-06-06 09:08:47', 1),
	(434, 28, NULL, 1, 'A540-CBF9-4A06-AE03', '2023-06-06 09:08:47', 1),
	(435, 28, NULL, 1, 'E0FF-84A0-51FD-9CD9', '2023-06-06 09:08:47', 1),
	(436, 28, NULL, 1, 'DB76-4DA9-2ADA-5119', '2023-06-06 09:08:47', 1),
	(437, 28, NULL, 1, '605E-67EA-7551-DCAD', '2023-06-06 09:08:47', 1),
	(438, 28, NULL, 1, 'F119-7B80-BDA7-E610', '2023-06-06 09:08:47', 1),
	(439, 28, NULL, 6, '9955-1866-4F55-B3BC', '2023-06-06 09:08:47', 1),
	(440, 28, NULL, 6, '1993-82D7-4346-263A', '2023-06-06 09:08:47', 1),
	(441, 28, NULL, 6, '302B-351D-D835-67D9', '2023-06-06 09:08:47', 1),
	(442, 28, NULL, 6, '947C-F3D7-19F7-5F2B', '2023-06-06 09:08:47', 1),
	(443, 28, NULL, 6, '695D-C741-CEF4-9933', '2023-06-06 09:08:47', 1),
	(444, 28, NULL, 6, '187F-4472-3DC3-43A0', '2023-06-06 09:08:47', 1),
	(445, 28, NULL, 7, '6B86-54C9-11D9-7A8E', '2023-06-06 09:08:47', 1),
	(446, 28, NULL, 7, '2BEE-89AC-920C-C69D', '2023-06-06 09:08:47', 1),
	(447, 28, NULL, 7, 'DF0F-1AFD-32E3-C4E1', '2023-06-06 09:08:47', 1),
	(448, 28, NULL, 7, '6D31-D852-68AB-0E88', '2023-06-06 09:08:47', 1),
	(449, 28, NULL, 8, 'FAAC-4436-F689-00B4', '2023-06-06 09:08:47', 1),
	(450, 28, NULL, 8, 'DF23-D6F9-AC1C-E0C7', '2023-06-06 09:08:47', 1),
	(451, 28, NULL, 8, 'EE26-215C-DFA2-338F', '2023-06-06 09:08:47', 1),
	(452, 28, NULL, 8, 'C649-F50D-C858-9703', '2023-06-06 09:08:47', 1),
	(453, 28, NULL, 8, 'AA68-C23F-8BCB-90C9', '2023-06-06 09:08:47', 1),
	(454, 28, NULL, 8, '78DA-F6D0-5A08-26ED', '2023-06-06 09:08:47', 1),
	(455, 28, NULL, 8, 'DA19-539F-3AAA-58EA', '2023-06-06 09:08:47', 1),
	(456, 28, NULL, 9, '0C09-6F8A-9062-718F', '2023-06-06 09:08:47', 1),
	(457, 28, NULL, 9, '8CEC-109C-002F-E6C9', '2023-06-06 09:08:47', 1),
	(458, 28, NULL, 9, 'A54B-80FF-9C67-3E3E', '2023-06-06 09:08:47', 1),
	(459, 28, NULL, 9, '187C-46DD-2507-09C8', '2023-06-06 09:08:47', 1),
	(460, 28, NULL, 9, '72D6-FA6B-6A1A-8963', '2023-06-06 09:08:47', 1),
	(461, 28, NULL, 9, '7A5E-00FF-7201-19D2', '2023-06-06 09:08:47', 1),
	(462, 28, NULL, 9, '7DC6-A980-5A14-31C9', '2023-06-06 09:08:47', 1),
	(463, 28, NULL, 9, 'D849-9775-E76C-9A93', '2023-06-06 09:08:47', 1),
	(464, 29, NULL, 1, 'FB0E-588A-69FE-27A2', '2023-06-06 09:08:47', 1),
	(465, 29, NULL, 1, '7AFC-F0C8-BDBC-E365', '2023-06-06 09:08:47', 1),
	(466, 29, NULL, 1, '8DF8-845F-7199-532E', '2023-06-06 09:08:47', 1),
	(467, 29, NULL, 1, 'BA86-86F7-A11E-3039', '2023-06-06 09:08:47', 1),
	(468, 29, NULL, 1, 'AFAA-34EF-4FC6-86C1', '2023-06-06 09:08:47', 1),
	(469, 29, NULL, 1, '0886-25ED-EBAD-9860', '2023-06-06 09:08:47', 1),
	(470, 29, NULL, 1, '4B6E-A3C6-F471-0429', '2023-06-06 09:08:47', 1),
	(471, 30, NULL, 1, '999A-3A91-F239-9C8F', '2023-06-06 09:08:47', 1),
	(472, 30, NULL, 1, '115D-92B1-7559-0CDD', '2023-06-06 09:08:47', 1),
	(473, 30, NULL, 1, 'FFF5-D67C-ABFD-E556', '2023-06-06 09:08:47', 1),
	(474, 30, NULL, 1, '9864-57C6-CEF1-1C8C', '2023-06-06 09:08:47', 1),
	(475, 30, NULL, 1, '0250-D121-145B-2E7C', '2023-06-06 09:08:47', 1),
	(476, 30, NULL, 1, '8320-91EF-84CA-E24E', '2023-06-06 09:08:47', 1),
	(477, 30, NULL, 1, 'B0B4-9499-CC5E-2A29', '2023-06-06 09:08:47', 1),
	(478, 30, NULL, 1, '1CAE-7370-C243-CFAD', '2023-06-06 09:08:47', 1),
	(479, 30, NULL, 1, '9A5E-04AD-69CC-C24E', '2023-06-06 09:08:47', 1),
	(480, 30, NULL, 1, '212E-8AED-A7AA-D2C2', '2023-06-06 09:08:47', 1),
	(481, 31, NULL, 1, 'FAF7-F570-048A-0F1F', '2023-06-06 09:08:47', 1),
	(482, 31, NULL, 1, '8900-9065-889A-611A', '2023-06-06 09:08:47', 1),
	(483, 31, NULL, 1, 'EC36-4AEC-2CB7-ECD8', '2023-06-06 09:08:47', 1),
	(484, 31, NULL, 1, 'BEE4-9DE9-5A6F-7940', '2023-06-06 09:08:47', 1),
	(485, 31, NULL, 1, 'F86A-9BA2-F830-ED03', '2023-06-06 09:08:47', 1),
	(486, 31, NULL, 1, 'FB71-8416-5918-ED09', '2023-06-06 09:08:47', 1),
	(487, 31, NULL, 6, '5860-DB62-4C61-C510', '2023-06-06 09:08:47', 1),
	(488, 31, NULL, 6, 'D02C-8BDB-D967-C7E7', '2023-06-06 09:08:47', 1),
	(489, 31, NULL, 7, 'D788-3B49-6ACC-603B', '2023-06-06 09:08:47', 1),
	(490, 31, NULL, 7, 'E028-27B7-EA0C-F708', '2023-06-06 09:08:47', 1),
	(491, 31, NULL, 7, '04E2-5D43-D603-B6FA', '2023-06-06 09:08:47', 1),
	(492, 31, NULL, 7, 'A1B0-BA00-F39F-03C9', '2023-06-06 09:08:47', 1),
	(493, 31, NULL, 7, '94D0-5B17-B0FA-850B', '2023-06-06 09:08:47', 1),
	(494, 31, NULL, 7, '2728-E592-176C-FFDA', '2023-06-06 09:08:47', 1),
	(495, 31, NULL, 8, 'C4FC-0DD1-FB4C-768A', '2023-06-06 09:08:47', 1),
	(496, 31, NULL, 8, 'EDF8-AE3F-FAD4-28E9', '2023-06-06 09:08:47', 1),
	(497, 31, NULL, 8, '9CF3-A6F3-BC81-E9A9', '2023-06-06 09:08:47', 1),
	(498, 31, NULL, 8, '1627-AA16-34D1-A60A', '2023-06-06 09:08:47', 1),
	(499, 31, NULL, 8, '3483-9A13-927F-7921', '2023-06-06 09:08:47', 1),
	(500, 31, NULL, 8, 'DE99-5BB2-4D18-C129', '2023-06-06 09:08:47', 1),
	(501, 31, NULL, 8, '6EBC-CCCC-13FB-5140', '2023-06-06 09:08:47', 1),
	(502, 31, NULL, 8, '61A4-8C94-5497-D8F3', '2023-06-06 09:08:47', 1),
	(503, 31, NULL, 9, '319A-451F-96B5-0204', '2023-06-06 09:08:47', 1),
	(504, 31, NULL, 9, 'A15C-F967-129B-946A', '2023-06-06 09:08:47', 1),
	(505, 31, NULL, 9, '60C8-A304-80E2-5746', '2023-06-06 09:08:47', 1),
	(506, 31, NULL, 9, '17B9-E3E3-1760-30D7', '2023-06-06 09:08:47', 1),
	(507, 31, NULL, 9, '259E-D440-99F4-FB47', '2023-06-06 09:08:47', 1),
	(508, 31, NULL, 9, '81E3-170D-48F4-779D', '2023-06-06 09:08:47', 1),
	(509, 31, NULL, 9, '922B-7B0E-1DD5-2108', '2023-06-06 09:08:47', 1),
	(510, 32, NULL, 1, 'C21B-7941-1D9B-9D59', '2023-06-06 09:08:47', 1),
	(511, 32, NULL, 1, '308B-BD8D-7596-FBA7', '2023-06-06 09:08:47', 1),
	(512, 32, NULL, 1, 'F81C-4B33-7395-8C71', '2023-06-06 09:08:47', 1),
	(513, 32, NULL, 1, 'D220-30CE-5692-0E5F', '2023-06-06 09:08:47', 1),
	(514, 32, NULL, 1, '1843-E8F2-5764-8D0D', '2023-06-06 09:08:47', 1),
	(515, 32, NULL, 6, '957E-BEB5-99D4-B07A', '2023-06-06 09:08:47', 1),
	(516, 32, NULL, 6, '0253-38BE-7AD8-8E3B', '2023-06-06 09:08:47', 1),
	(517, 32, NULL, 6, 'C329-E375-239E-EE08', '2023-06-06 09:08:47', 1),
	(518, 32, NULL, 6, 'AAFC-748B-2D90-052F', '2023-06-06 09:08:47', 1),
	(519, 32, NULL, 6, '2E5F-405D-277F-61A6', '2023-06-06 09:08:47', 1),
	(520, 32, NULL, 6, '64BE-95E0-DA61-021A', '2023-06-06 09:08:47', 1),
	(521, 32, NULL, 6, '6DEC-D5F2-1433-03A3', '2023-06-06 09:08:47', 1),
	(522, 32, NULL, 7, 'FA88-BDB6-BC48-6253', '2023-06-06 09:08:47', 1),
	(523, 32, NULL, 7, '9768-136F-219B-6934', '2023-06-06 09:08:47', 1),
	(524, 32, NULL, 7, 'C0CC-BA77-5F36-CC65', '2023-06-06 09:08:47', 1),
	(525, 32, NULL, 7, '3D47-8E7C-16C6-4193', '2023-06-06 09:08:47', 1),
	(526, 32, NULL, 7, '6D41-BB98-C7B6-33B4', '2023-06-06 09:08:47', 1),
	(527, 32, NULL, 8, '353D-1E18-88C0-64B8', '2023-06-06 09:08:47', 1),
	(528, 32, NULL, 8, '8899-E6E1-F4A7-B8B3', '2023-06-06 09:08:47', 1),
	(529, 32, NULL, 8, '397F-FE3E-054D-AF81', '2023-06-06 09:08:47', 1),
	(530, 32, NULL, 8, 'F32E-45C4-AD19-65CD', '2023-06-06 09:08:47', 1),
	(531, 32, NULL, 8, '4DEB-E1B4-CD07-F2B6', '2023-06-06 09:08:47', 1),
	(532, 32, NULL, 8, '4C90-FD8A-34FA-688A', '2023-06-06 09:08:47', 1),
	(533, 32, NULL, 8, 'DDA8-9784-4FD9-46C3', '2023-06-06 09:08:47', 1),
	(534, 32, NULL, 9, '5D21-89FC-D66A-6602', '2023-06-06 09:08:47', 1),
	(535, 32, NULL, 9, '97C0-1CB7-D049-2899', '2023-06-06 09:08:47', 1),
	(536, 32, NULL, 9, '52D6-9392-6FE5-3E0E', '2023-06-06 09:08:47', 1),
	(537, 32, NULL, 9, '87A9-9899-8A8E-E23B', '2023-06-06 09:08:47', 1),
	(538, 32, NULL, 9, '00E2-BD2F-9B7B-49E0', '2023-06-06 09:08:47', 1),
	(539, 32, NULL, 9, 'A040-3627-A505-FA53', '2023-06-06 09:08:47', 1),
	(540, 32, NULL, 9, '782F-66CA-A925-0D16', '2023-06-06 09:08:47', 1),
	(541, 32, NULL, 9, '9F29-6C1C-BF3C-A58F', '2023-06-06 09:08:47', 1);

-- Listage de la structure de table kgaming. user
DROP TABLE IF EXISTS `user`;
CREATE TABLE IF NOT EXISTS `user` (
  `id` int NOT NULL AUTO_INCREMENT,
  `username` varchar(180) COLLATE utf8mb4_unicode_ci NOT NULL,
  `roles` json NOT NULL,
  `password` varchar(255) COLLATE utf8mb4_unicode_ci NOT NULL,
  `email` varchar(255) COLLATE utf8mb4_unicode_ci NOT NULL,
  `avatar` longtext COLLATE utf8mb4_unicode_ci,
  `is_verified` tinyint(1) NOT NULL,
  `create_at` datetime NOT NULL COMMENT '(DC2Type:datetime_immutable)',
  `ip_address` varchar(255) COLLATE utf8mb4_unicode_ci NOT NULL,
  `is_banned` tinyint(1) NOT NULL,
  PRIMARY KEY (`id`),
  UNIQUE KEY `UNIQ_8D93D649F85E0677` (`username`)
) ENGINE=InnoDB AUTO_INCREMENT=2 DEFAULT CHARSET=utf8mb4 COLLATE=utf8mb4_unicode_ci;

-- Listage des données de la table kgaming.user : ~0 rows (environ)
DELETE FROM `user`;
INSERT INTO `user` (`id`, `username`, `roles`, `password`, `email`, `avatar`, `is_verified`, `create_at`, `ip_address`, `is_banned`) VALUES
	(1, 'denz', '["ROLE_ADMIN"]', '$2y$13$jjQF4rgjxHoO6gHwK/It/ekENtEV8mJnzqyQAWmsM58Ch.Xs9nVJS', 'denzoubiden@gmail.com', '/img/default.png', 1, '2023-05-14 20:43:59', '', 0);

/*!40103 SET TIME_ZONE=IFNULL(@OLD_TIME_ZONE, 'system') */;
/*!40101 SET SQL_MODE=IFNULL(@OLD_SQL_MODE, '') */;
/*!40014 SET FOREIGN_KEY_CHECKS=IFNULL(@OLD_FOREIGN_KEY_CHECKS, 1) */;
/*!40101 SET CHARACTER_SET_CLIENT=@OLD_CHARACTER_SET_CLIENT */;
/*!40111 SET SQL_NOTES=IFNULL(@OLD_SQL_NOTES, 1) */;
