-- --------------------------------------------------------
-- Hôte:                         127.0.0.1
-- Version du serveur:           8.0.33 - MySQL Community Server - GPL
-- SE du serveur:                Win64
-- HeidiSQL Version:             12.5.0.6677
-- --------------------------------------------------------

/*!40101 SET @OLD_CHARACTER_SET_CLIENT=@@CHARACTER_SET_CLIENT */;
/*!40101 SET NAMES utf8 */;
/*!50503 SET NAMES utf8mb4 */;
/*!40103 SET @OLD_TIME_ZONE=@@TIME_ZONE */;
/*!40103 SET TIME_ZONE='+00:00' */;
/*!40014 SET @OLD_FOREIGN_KEY_CHECKS=@@FOREIGN_KEY_CHECKS, FOREIGN_KEY_CHECKS=0 */;
/*!40101 SET @OLD_SQL_MODE=@@SQL_MODE, SQL_MODE='NO_AUTO_VALUE_ON_ZERO' */;
/*!40111 SET @OLD_SQL_NOTES=@@SQL_NOTES, SQL_NOTES=0 */;

-- Listage de la structure de la table kgaming. address
CREATE TABLE IF NOT EXISTS `address` (
  `id` int NOT NULL AUTO_INCREMENT,
  `user_id` int DEFAULT NULL,
  `label` varchar(100) CHARACTER SET utf8mb4 COLLATE utf8mb4_unicode_ci NOT NULL,
  `firstname` varchar(100) CHARACTER SET utf8mb4 COLLATE utf8mb4_unicode_ci NOT NULL,
  `lastname` varchar(100) CHARACTER SET utf8mb4 COLLATE utf8mb4_unicode_ci NOT NULL,
  `address` varchar(255) CHARACTER SET utf8mb4 COLLATE utf8mb4_unicode_ci NOT NULL,
  `cp` varchar(20) CHARACTER SET utf8mb4 COLLATE utf8mb4_unicode_ci NOT NULL,
  `city` varchar(100) CHARACTER SET utf8mb4 COLLATE utf8mb4_unicode_ci NOT NULL,
  PRIMARY KEY (`id`),
  KEY `IDX_D4E6F81A76ED395` (`user_id`),
  CONSTRAINT `FK_D4E6F81A76ED395` FOREIGN KEY (`user_id`) REFERENCES `user` (`id`) ON DELETE CASCADE
) ENGINE=InnoDB AUTO_INCREMENT=18 DEFAULT CHARSET=utf8mb4 COLLATE=utf8mb4_unicode_ci;

-- Listage des données de la table kgaming.address : ~2 rows (environ)
DELETE FROM `address`;
INSERT INTO `address` (`id`, `user_id`, `label`, `firstname`, `lastname`, `address`, `cp`, `city`) VALUES
	(1, 1, 'Maison', 'Kevin', 'GRISCHKO', '9 rue de moosch', '68200', 'Mulhouse'),
	(3, 1, 'Travail', 'Kevin', 'GRISCHKO', '16 rue de la rose', '68270', 'Wittenheim'),
	(17, 1, 'Tst', 'Kevin', 'GRISCHKO', '12 hdfsdh', '68200', 'Mulhouse');

-- Listage de la structure de la table kgaming. category
CREATE TABLE IF NOT EXISTS `category` (
  `id` int NOT NULL AUTO_INCREMENT,
  `label` varchar(50) CHARACTER SET utf8mb4 COLLATE utf8mb4_unicode_ci NOT NULL,
  PRIMARY KEY (`id`)
) ENGINE=InnoDB AUTO_INCREMENT=4 DEFAULT CHARSET=utf8mb4 COLLATE=utf8mb4_unicode_ci;

-- Listage des données de la table kgaming.category : ~3 rows (environ)
DELETE FROM `category`;
INSERT INTO `category` (`id`, `label`) VALUES
	(1, 'PC'),
	(2, 'PlayStation'),
	(3, 'Xbox');

-- Listage de la structure de la table kgaming. doctrine_migration_versions
CREATE TABLE IF NOT EXISTS `doctrine_migration_versions` (
  `version` varchar(191) CHARACTER SET utf8mb3 COLLATE utf8mb3_unicode_ci NOT NULL,
  `executed_at` datetime DEFAULT NULL,
  `execution_time` int DEFAULT NULL,
  PRIMARY KEY (`version`)
) ENGINE=InnoDB DEFAULT CHARSET=utf8mb3 COLLATE=utf8mb3_unicode_ci;

-- Listage des données de la table kgaming.doctrine_migration_versions : ~20 rows (environ)
DELETE FROM `doctrine_migration_versions`;
INSERT INTO `doctrine_migration_versions` (`version`, `executed_at`, `execution_time`) VALUES
	('DoctrineMigrations\\Version20230601144500', NULL, NULL),
	('DoctrineMigrations\\Version20230601144530', '2023-06-01 16:47:20', 388),
	('DoctrineMigrations\\Version20230601210000', '2023-06-01 21:00:08', 24),
	('DoctrineMigrations\\Version20230606121427', '2023-06-06 12:14:39', 33),
	('DoctrineMigrations\\Version20230607064818', '2023-06-07 06:48:28', 40),
	('DoctrineMigrations\\Version20230607081024', '2023-06-07 08:10:32', 55),
	('DoctrineMigrations\\Version20230607084119', '2023-06-07 08:41:22', 44),
	('DoctrineMigrations\\Version20230607114322', '2023-06-07 11:43:25', 9),
	('DoctrineMigrations\\Version20230607150843', '2023-06-07 15:08:46', 85),
	('DoctrineMigrations\\Version20230608082912', '2023-06-08 08:33:38', 28),
	('DoctrineMigrations\\Version20230608144011', '2023-06-08 14:40:17', 33),
	('DoctrineMigrations\\Version20230614091517', '2023-06-14 09:15:36', 34),
	('DoctrineMigrations\\Version20230614153429', '2023-06-14 15:34:35', 48),
	('DoctrineMigrations\\Version20230615091402', '2023-06-15 09:14:13', 39),
	('DoctrineMigrations\\Version20230616072147', '2023-06-16 07:21:52', 8),
	('DoctrineMigrations\\Version20230618204404', '2023-06-18 20:44:09', 43),
	('DoctrineMigrations\\Version20230619115621', '2023-06-19 11:56:27', 67),
	('DoctrineMigrations\\Version20230619115704', '2023-06-19 11:57:07', 8),
	('DoctrineMigrations\\Version20230619125322', '2023-06-19 12:53:27', 27),
	('DoctrineMigrations\\Version20230622145918', '2023-06-22 14:59:22', 32),
	('DoctrineMigrations\\Version20230630091556', '2023-07-05 21:28:37', 56),
	('DoctrineMigrations\\Version20230712124604', '2023-07-12 12:46:15', 66);

-- Listage de la structure de la table kgaming. facture
CREATE TABLE IF NOT EXISTS `facture` (
  `id` int NOT NULL AUTO_INCREMENT,
  `purchase_id` int NOT NULL,
  `reference` varchar(255) CHARACTER SET utf8mb4 COLLATE utf8mb4_unicode_ci NOT NULL,
  `facture` longtext CHARACTER SET utf8mb4 COLLATE utf8mb4_unicode_ci NOT NULL,
  `created_at` datetime NOT NULL COMMENT '(DC2Type:datetime_immutable)',
  PRIMARY KEY (`id`),
  UNIQUE KEY `UNIQ_FE866410558FBEB9` (`purchase_id`),
  CONSTRAINT `FK_FE866410558FBEB9` FOREIGN KEY (`purchase_id`) REFERENCES `purchase` (`id`) ON DELETE CASCADE
) ENGINE=InnoDB AUTO_INCREMENT=10 DEFAULT CHARSET=utf8mb4 COLLATE=utf8mb4_unicode_ci;

-- Listage des données de la table kgaming.facture : ~5 rows (environ)
DELETE FROM `facture`;
INSERT INTO `facture` (`id`, `purchase_id`, `reference`, `facture`, `created_at`) VALUES
	(5, 98, '64904e905eaaf', 'facture-64904e905eaaf.pdf', '2023-06-19 14:48:16'),
	(6, 99, '649aae6b4b194', 'facture-649aae6b4b194.pdf', '2023-06-27 11:39:55'),
	(7, 100, '64abadffce51f', 'facture-64abadffce51f.pdf', '2023-07-10 09:06:39'),
	(8, 112, '64c215be2a520', 'facture-64c215be2a520.pdf', '2023-07-27 08:59:10'),
	(9, 114, '64c3c4e9dff36', 'facture-64c3c4e9dff36.pdf', '2023-07-28 15:38:49');

-- Listage de la structure de la table kgaming. game
CREATE TABLE IF NOT EXISTS `game` (
  `id` int NOT NULL AUTO_INCREMENT,
  `label` varchar(50) CHARACTER SET utf8mb4 COLLATE utf8mb4_unicode_ci NOT NULL,
  `price` double NOT NULL,
  `date_release` date NOT NULL,
  `slug` varchar(255) CHARACTER SET utf8mb4 COLLATE utf8mb4_unicode_ci NOT NULL,
  PRIMARY KEY (`id`)
) ENGINE=InnoDB AUTO_INCREMENT=33 DEFAULT CHARSET=utf8mb4 COLLATE=utf8mb4_unicode_ci;

-- Listage des données de la table kgaming.game : ~23 rows (environ)
DELETE FROM `game`;
INSERT INTO `game` (`id`, `label`, `price`, `date_release`, `slug`) VALUES
	(2, 'Rust', 39.99, '2023-05-08', 'rust'),
	(3, 'New World', 38.99, '2021-09-28', 'new-world'),
	(4, 'Raft', 19.99, '2022-06-20', 'raft'),
	(6, 'Counter-Strike 2', 19.99, '2025-06-20', 'counter-strike-2'),
	(7, 'Diablo IV', 19.99, '2023-06-06', 'diablo-iv'),
	(14, 'Satisfactory', 24.99, '2020-06-08', 'satisfactory'),
	(15, 'Tom Clancy\'s Rainbow Six Siege', 9.99, '2015-12-01', 'tom-clancys-rainbow-six-siege'),
	(17, 'Dead Island 2', 47.99, '2023-04-21', 'dead-island-2'),
	(18, 'Final Fantasy XVI', 54.99, '2023-06-22', 'final-fantasy-xvi'),
	(19, 'Hogwarts Legacy', 44.99, '2023-02-07', 'hogwarts-legacy'),
	(20, 'Call of Duty: Modern Warfare II', 44.99, '2022-10-28', 'call-of-duty-modern-warfare-ii'),
	(21, 'Call of Duty: Vanguard', 44.99, '2021-11-05', 'call-of-duty-vanguard'),
	(22, 'Star Wars Jedi: Survivor', 49.99, '2023-04-28', 'star-wars-jedi-survivor'),
	(23, 'Super Mega Baseball 4', 54.99, '2023-05-30', 'super-mega-baseball-4'),
	(24, 'F1 22', 22.99, '2022-06-28', 'f1-22'),
	(25, 'Battlefield 2042', 24.99, '2021-10-06', 'battlefield-2042'),
	(26, 'FIFA 23', 29.99, '2022-09-27', 'fifa-23'),
	(27, 'Red Dead Redemption 2', 24.99, '2018-10-26', 'red-dead-redemption-2'),
	(28, 'Street Fighter 6', 54.99, '2023-06-02', 'street-fighter-6'),
	(29, 'Only Up!', 6.99, '2023-05-24', 'only-up'),
	(30, 'F1 23', 54.99, '2023-06-16', 'f1-23'),
	(31, 'Grand Theft Auto V', 9.99, '2015-04-14', 'grand-theft-auto-v'),
	(32, 'No Man\'s Sky', 24.99, '2016-08-08', 'no-mans-sky');

-- Listage de la structure de la table kgaming. game_genre
CREATE TABLE IF NOT EXISTS `game_genre` (
  `game_id` int NOT NULL,
  `genre_id` int NOT NULL,
  PRIMARY KEY (`game_id`,`genre_id`),
  KEY `IDX_B1634A77E48FD905` (`game_id`),
  KEY `IDX_B1634A774296D31F` (`genre_id`),
  CONSTRAINT `FK_B1634A774296D31F` FOREIGN KEY (`genre_id`) REFERENCES `genre` (`id`) ON DELETE CASCADE,
  CONSTRAINT `FK_B1634A77E48FD905` FOREIGN KEY (`game_id`) REFERENCES `game` (`id`) ON DELETE CASCADE
) ENGINE=InnoDB DEFAULT CHARSET=utf8mb4 COLLATE=utf8mb4_unicode_ci;

-- Listage des données de la table kgaming.game_genre : ~70 rows (environ)
DELETE FROM `game_genre`;
INSERT INTO `game_genre` (`game_id`, `genre_id`) VALUES
	(2, 5),
	(3, 9),
	(4, 10),
	(6, 1),
	(7, 5),
	(14, 1),
	(14, 3),
	(14, 9),
	(14, 10),
	(14, 11),
	(15, 1),
	(15, 4),
	(15, 7),
	(15, 9),
	(15, 11),
	(17, 1),
	(17, 2),
	(17, 7),
	(17, 10),
	(18, 2),
	(18, 7),
	(19, 2),
	(19, 4),
	(19, 7),
	(20, 1),
	(20, 8),
	(20, 9),
	(20, 11),
	(21, 1),
	(21, 8),
	(21, 9),
	(21, 11),
	(22, 2),
	(22, 7),
	(23, 3),
	(23, 6),
	(24, 3),
	(24, 4),
	(24, 6),
	(24, 11),
	(24, 16),
	(25, 1),
	(25, 2),
	(25, 8),
	(25, 9),
	(25, 11),
	(26, 3),
	(26, 6),
	(26, 9),
	(26, 11),
	(27, 2),
	(27, 11),
	(28, 2),
	(28, 6),
	(28, 7),
	(28, 11),
	(29, 2),
	(29, 3),
	(30, 3),
	(30, 6),
	(30, 11),
	(30, 16),
	(31, 2),
	(31, 9),
	(31, 11),
	(31, 17),
	(32, 2),
	(32, 4),
	(32, 7),
	(32, 11);

-- Listage de la structure de la table kgaming. game_plateform
CREATE TABLE IF NOT EXISTS `game_plateform` (
  `game_id` int NOT NULL,
  `plateform_id` int NOT NULL,
  PRIMARY KEY (`game_id`,`plateform_id`),
  KEY `IDX_DC247165E48FD905` (`game_id`),
  KEY `IDX_DC247165CCAA542F` (`plateform_id`),
  CONSTRAINT `FK_DC247165CCAA542F` FOREIGN KEY (`plateform_id`) REFERENCES `plateform` (`id`) ON DELETE CASCADE,
  CONSTRAINT `FK_DC247165E48FD905` FOREIGN KEY (`game_id`) REFERENCES `game` (`id`) ON DELETE CASCADE
) ENGINE=InnoDB DEFAULT CHARSET=utf8mb4 COLLATE=utf8mb4_unicode_ci;

-- Listage des données de la table kgaming.game_plateform : ~94 rows (environ)
DELETE FROM `game_plateform`;
INSERT INTO `game_plateform` (`game_id`, `plateform_id`) VALUES
	(2, 1),
	(2, 6),
	(2, 7),
	(2, 8),
	(2, 9),
	(3, 1),
	(3, 8),
	(4, 1),
	(6, 1),
	(7, 1),
	(7, 3),
	(7, 6),
	(7, 7),
	(7, 8),
	(7, 9),
	(14, 1),
	(14, 4),
	(15, 5),
	(15, 6),
	(15, 7),
	(15, 8),
	(15, 9),
	(17, 4),
	(17, 6),
	(17, 7),
	(17, 8),
	(17, 9),
	(18, 8),
	(19, 1),
	(19, 4),
	(19, 6),
	(19, 7),
	(19, 8),
	(19, 9),
	(20, 3),
	(20, 7),
	(20, 8),
	(21, 3),
	(21, 6),
	(21, 7),
	(21, 8),
	(21, 9),
	(22, 1),
	(22, 2),
	(22, 4),
	(22, 7),
	(22, 8),
	(23, 1),
	(23, 2),
	(23, 4),
	(23, 6),
	(23, 7),
	(23, 8),
	(23, 9),
	(24, 1),
	(24, 2),
	(24, 6),
	(24, 7),
	(24, 8),
	(24, 9),
	(25, 1),
	(25, 2),
	(25, 4),
	(25, 6),
	(25, 7),
	(25, 8),
	(25, 9),
	(26, 1),
	(26, 2),
	(26, 6),
	(26, 7),
	(26, 8),
	(26, 9),
	(27, 1),
	(27, 4),
	(27, 6),
	(27, 9),
	(28, 1),
	(28, 6),
	(28, 7),
	(28, 8),
	(28, 9),
	(29, 1),
	(30, 1),
	(31, 1),
	(31, 6),
	(31, 7),
	(31, 8),
	(31, 9),
	(32, 1),
	(32, 6),
	(32, 7),
	(32, 8),
	(32, 9);

-- Listage de la structure de la table kgaming. genre
CREATE TABLE IF NOT EXISTS `genre` (
  `id` int NOT NULL AUTO_INCREMENT,
  `label` varchar(50) CHARACTER SET utf8mb4 COLLATE utf8mb4_unicode_ci NOT NULL,
  `slug` varchar(255) CHARACTER SET utf8mb4 COLLATE utf8mb4_unicode_ci NOT NULL,
  `image` longtext CHARACTER SET utf8mb4 COLLATE utf8mb4_unicode_ci NOT NULL,
  PRIMARY KEY (`id`)
) ENGINE=InnoDB AUTO_INCREMENT=18 DEFAULT CHARSET=utf8mb4 COLLATE=utf8mb4_unicode_ci;

-- Listage des données de la table kgaming.genre : ~17 rows (environ)
DELETE FROM `genre`;
INSERT INTO `genre` (`id`, `label`, `slug`, `image`) VALUES
	(1, 'FPS', 'fps', 'img/genres/fps.jpg'),
	(2, 'Aventure', 'aventure', 'img/genres/aventure.jpg'),
	(3, 'Simulation', 'simulation', 'img/genres/simulation.jpg'),
	(4, 'Stratégie', 'strategie', 'img/genres/stratégie.jpg'),
	(5, 'MMO', 'mmo', 'img/genres/mmo.jpg'),
	(6, 'Sport', 'sport', 'img/genres/sport.jpg'),
	(7, 'Action', 'action', 'img/genres/action.jpg'),
	(8, 'PVP En ligne', 'pvp-en-ligne', 'img/genres/pvp.jpg'),
	(9, 'Cross-Plateforme', 'cross-plateforme', 'img/genres/cross-plateforme.jpg'),
	(10, 'Survie', 'survie', 'img/genres/survie.jpg'),
	(11, 'Multijoueur', 'multijoueur', 'img/genres/multijoueur.jpg'),
	(12, 'Combat', 'combat', 'img/genres/combat.jpg'),
	(13, 'RPG', 'rpg', 'img/genres/rpg.jpg'),
	(14, 'Moba', 'moba', 'img/genres/moba.jpg'),
	(15, 'Horreur', 'horreur', 'img/genres/horreur.jpg'),
	(16, 'Course', 'course', 'img/genres/course.jpg'),
	(17, 'Arcade', 'arcade', 'img/genres/arcade.jpg');

-- Listage de la structure de la table kgaming. messenger_messages
CREATE TABLE IF NOT EXISTS `messenger_messages` (
  `id` bigint NOT NULL AUTO_INCREMENT,
  `body` longtext CHARACTER SET utf8mb4 COLLATE utf8mb4_unicode_ci NOT NULL,
  `headers` longtext CHARACTER SET utf8mb4 COLLATE utf8mb4_unicode_ci NOT NULL,
  `queue_name` varchar(190) CHARACTER SET utf8mb4 COLLATE utf8mb4_unicode_ci NOT NULL,
  `created_at` datetime NOT NULL,
  `available_at` datetime NOT NULL,
  `delivered_at` datetime DEFAULT NULL,
  PRIMARY KEY (`id`),
  KEY `IDX_75EA56E0FB7336F0` (`queue_name`),
  KEY `IDX_75EA56E0E3BD61CE` (`available_at`),
  KEY `IDX_75EA56E016BA31DB` (`delivered_at`)
) ENGINE=InnoDB DEFAULT CHARSET=utf8mb4 COLLATE=utf8mb4_unicode_ci;

-- Listage des données de la table kgaming.messenger_messages : ~0 rows (environ)
DELETE FROM `messenger_messages`;

-- Listage de la structure de la table kgaming. newsletter
CREATE TABLE IF NOT EXISTS `newsletter` (
  `id` int NOT NULL AUTO_INCREMENT,
  `name` varchar(255) CHARACTER SET utf8mb4 COLLATE utf8mb4_unicode_ci NOT NULL,
  `content` longtext CHARACTER SET utf8mb4 COLLATE utf8mb4_unicode_ci NOT NULL,
  `created_at` datetime NOT NULL,
  `is_sent` tinyint(1) NOT NULL,
  PRIMARY KEY (`id`)
) ENGINE=InnoDB AUTO_INCREMENT=6 DEFAULT CHARSET=utf8mb4 COLLATE=utf8mb4_unicode_ci;

-- Listage des données de la table kgaming.newsletter : ~0 rows (environ)
DELETE FROM `newsletter`;

-- Listage de la structure de la table kgaming. newsletter_user
CREATE TABLE IF NOT EXISTS `newsletter_user` (
  `id` int NOT NULL AUTO_INCREMENT,
  `email` varchar(255) CHARACTER SET utf8mb4 COLLATE utf8mb4_unicode_ci NOT NULL,
  `is_verified` tinyint(1) NOT NULL,
  `created_at` datetime NOT NULL,
  `token` longtext CHARACTER SET utf8mb4 COLLATE utf8mb4_unicode_ci NOT NULL,
  `is_rgpd` tinyint(1) NOT NULL,
  PRIMARY KEY (`id`)
) ENGINE=InnoDB AUTO_INCREMENT=7 DEFAULT CHARSET=utf8mb4 COLLATE=utf8mb4_unicode_ci;

-- Listage des données de la table kgaming.newsletter_user : ~0 rows (environ)
DELETE FROM `newsletter_user`;
INSERT INTO `newsletter_user` (`id`, `email`, `is_verified`, `created_at`, `token`, `is_rgpd`) VALUES
	(4, 'itekmodding@gmail.com', 0, '2023-06-16 14:58:56', '6eeb2377185f20d65acfd767b9bccee3', 1);

-- Listage de la structure de la table kgaming. plateform
CREATE TABLE IF NOT EXISTS `plateform` (
  `id` int NOT NULL AUTO_INCREMENT,
  `category_id` int NOT NULL,
  `label` varchar(50) CHARACTER SET utf8mb4 COLLATE utf8mb4_unicode_ci NOT NULL,
  `logo` longtext CHARACTER SET utf8mb4 COLLATE utf8mb4_unicode_ci NOT NULL,
  `slug` varchar(255) CHARACTER SET utf8mb4 COLLATE utf8mb4_unicode_ci NOT NULL,
  PRIMARY KEY (`id`),
  KEY `IDX_E82B06712469DE2` (`category_id`),
  CONSTRAINT `FK_E82B06712469DE2` FOREIGN KEY (`category_id`) REFERENCES `category` (`id`)
) ENGINE=InnoDB AUTO_INCREMENT=10 DEFAULT CHARSET=utf8mb4 COLLATE=utf8mb4_unicode_ci;

-- Listage des données de la table kgaming.plateform : ~9 rows (environ)
DELETE FROM `plateform`;
INSERT INTO `plateform` (`id`, `category_id`, `label`, `logo`, `slug`) VALUES
	(1, 1, 'Steam', 'https://www.svgrepo.com/show/452107/steam.svg', 'steam'),
	(2, 1, 'Origin', 'https://www.svgrepo.com/show/354154/origin.svg', 'origin'),
	(3, 1, 'Battle.net', 'https://eu.shop.battle.net/static/favicon-32x32.png', 'battle-net'),
	(4, 1, 'Epic Games', 'https://www.svgrepo.com/show/341792/epic-games.svg', 'epic-games'),
	(5, 1, 'Ubisoft', 'https://www.svgrepo.com/show/342320/ubisoft.svg', 'ubisoft'),
	(6, 2, 'PlayStation 4', 'https://www.svgrepo.com/show/473756/playstation4.svg', 'playstation-4'),
	(7, 3, 'Xbox Serie X/S', 'https://upload.wikimedia.org/wikipedia/commons/a/af/Xbox_Series_X_logo.svg', 'xbox-serie-x-s'),
	(8, 2, 'PlayStation 5', 'https://www.svgrepo.com/show/473757/playstation5.svg', 'playstation-5'),
	(9, 3, 'Xbox One', 'https://www.svgrepo.com/show/303464/xbox-one-3-logo.svg', 'xbox-one');

-- Listage de la structure de la table kgaming. purchase
CREATE TABLE IF NOT EXISTS `purchase` (
  `id` int NOT NULL AUTO_INCREMENT,
  `user_id` int DEFAULT NULL,
  `address_id` int DEFAULT NULL,
  `created_at` datetime NOT NULL DEFAULT CURRENT_TIMESTAMP,
  `is_paid` tinyint(1) NOT NULL,
  `method` varchar(255) CHARACTER SET utf8mb4 COLLATE utf8mb4_unicode_ci NOT NULL,
  `reference` varchar(255) CHARACTER SET utf8mb4 COLLATE utf8mb4_unicode_ci NOT NULL,
  `stripe_session_id` varchar(255) CHARACTER SET utf8mb4 COLLATE utf8mb4_unicode_ci DEFAULT NULL,
  `paypal_order_id` varchar(255) CHARACTER SET utf8mb4 COLLATE utf8mb4_unicode_ci DEFAULT NULL,
  `delivery` varchar(255) CHARACTER SET utf8mb4 COLLATE utf8mb4_unicode_ci NOT NULL,
  `user_full_name` varchar(255) CHARACTER SET utf8mb4 COLLATE utf8mb4_unicode_ci NOT NULL,
  PRIMARY KEY (`id`),
  KEY `IDX_6117D13BA76ED395` (`user_id`),
  KEY `IDX_6117D13BF5B7AF75` (`address_id`),
  CONSTRAINT `FK_6117D13BA76ED395` FOREIGN KEY (`user_id`) REFERENCES `user` (`id`) ON DELETE SET NULL,
  CONSTRAINT `FK_6117D13BF5B7AF75` FOREIGN KEY (`address_id`) REFERENCES `address` (`id`) ON DELETE SET NULL
) ENGINE=InnoDB AUTO_INCREMENT=116 DEFAULT CHARSET=utf8mb4 COLLATE=utf8mb4_unicode_ci;

-- Listage des données de la table kgaming.purchase : ~6 rows (environ)
DELETE FROM `purchase`;
INSERT INTO `purchase` (`id`, `user_id`, `address_id`, `created_at`, `is_paid`, `method`, `reference`, `stripe_session_id`, `paypal_order_id`, `delivery`, `user_full_name`) VALUES
	(98, 1, 1, '2023-06-19 14:48:08', 1, 'paypal', '19062023-64904e88178fc', NULL, '2W914654NV2084723', '29 rue du ban</br>68200 - Mulhouse', 'Kevin GRISCHKO'),
	(99, 1, 1, '2023-06-27 11:39:27', 1, 'stripe', '27062023-649aae4f75a95', 'cs_test_b1za2a0yqTIzvc9xHh4bj9vfNoC0bjASdLDSOpEQhcj5Nq8OKj0MZpvR1U', NULL, '29 rue du ban</br>68200 - Mulhouse', 'Kevin GRISCHKO'),
	(100, 1, 1, '2023-07-10 09:06:04', 1, 'stripe', '10072023-64abaddc1806c', 'cs_test_a1r6Dn7Hek7ckxPn0eHmuTtrxNmMDuV4BOqOIoC0v4uZLolYOvPbJA6p7i', NULL, '9 rue de moosch</br>68200 - Mulhouse', 'Kevin GRISCHKO'),
	(112, 1, 17, '2023-07-27 08:58:19', 1, 'stripe', '27072023-64c2158b0f9ff', 'cs_test_a1rvV8tCIwP61pKdgs4RdwtqEc8whsgIyP1gL2zwDAF93ItpmtIYQSaHie', NULL, '12 hdfsdh</br>68200 - Mulhouse', 'Kevin GRISCHKO'),
	(114, 1, 1, '2023-07-28 15:38:30', 1, 'stripe', '28072023-64c3c4d6bdef9', 'cs_test_a1dCWwuAska7RqjOrWRdTUsuOiOtcrEJ1Ofko4GitgOfC0B6K6YmoA5dkE', NULL, '9 rue de moosch</br>68200 - Mulhouse', 'Kevin GRISCHKO');

-- Listage de la structure de la table kgaming. rating
CREATE TABLE IF NOT EXISTS `rating` (
  `id` int NOT NULL AUTO_INCREMENT,
  `game_id` int NOT NULL,
  `note` int NOT NULL,
  `user_id` int DEFAULT NULL,
  `message` longtext CHARACTER SET utf8mb4 COLLATE utf8mb4_unicode_ci NOT NULL,
  `platform_id` int NOT NULL,
  `created_at` datetime NOT NULL COMMENT '(DC2Type:datetime_immutable)',
  `updated_at` datetime DEFAULT NULL COMMENT '(DC2Type:datetime_immutable)',
  PRIMARY KEY (`id`),
  KEY `IDX_D8892622E48FD905` (`game_id`),
  KEY `IDX_D8892622A76ED395` (`user_id`),
  KEY `IDX_D8892622FFE6496F` (`platform_id`),
  CONSTRAINT `FK_D8892622A76ED395` FOREIGN KEY (`user_id`) REFERENCES `user` (`id`) ON DELETE SET NULL,
  CONSTRAINT `FK_D8892622E48FD905` FOREIGN KEY (`game_id`) REFERENCES `game` (`id`),
  CONSTRAINT `FK_D8892622FFE6496F` FOREIGN KEY (`platform_id`) REFERENCES `plateform` (`id`)
) ENGINE=InnoDB AUTO_INCREMENT=28 DEFAULT CHARSET=utf8mb4 COLLATE=utf8mb4_unicode_ci;

-- Listage des données de la table kgaming.rating : ~5 rows (environ)
DELETE FROM `rating`;
INSERT INTO `rating` (`id`, `game_id`, `note`, `user_id`, `message`, `platform_id`, `created_at`, `updated_at`) VALUES
	(11, 2, 4, NULL, 'Bien malgré les nouveaux recul qui facilite trop les nouveaux joueurs', 6, '2023-06-08 14:51:54', NULL),
	(16, 2, 4, 1, 'Rust est un très bon jeu de survie pour jouer avec ses amis sur des serveur priver ou des serveur public je recommande très fortement se jeu poir y avoir jouer il est vraiment bien.', 1, '2023-06-08 14:51:54', '2023-06-22 18:51:30'),
	(21, 14, 4, NULL, 'Très bon jeu, et vraiment hâte de tester l\'update 8 sur early access ! :D', 1, '2023-06-14 16:14:54', NULL),
	(26, 7, 4, 1, 'Bon jeu', 1, '2023-06-27 16:49:00', NULL),
	(27, 14, 4, 1, 'Très bon jeu', 4, '2023-07-27 09:00:39', NULL);

-- Listage de la structure de la table kgaming. recap_details
CREATE TABLE IF NOT EXISTS `recap_details` (
  `id` int NOT NULL AUTO_INCREMENT,
  `order_product_id` int NOT NULL,
  `quantity` int NOT NULL,
  `game_label` varchar(255) CHARACTER SET utf8mb4 COLLATE utf8mb4_unicode_ci NOT NULL,
  `price` double NOT NULL,
  `total_recap` varchar(255) CHARACTER SET utf8mb4 COLLATE utf8mb4_unicode_ci NOT NULL,
  `platform_label` varchar(255) CHARACTER SET utf8mb4 COLLATE utf8mb4_unicode_ci NOT NULL,
  `game_id` int NOT NULL,
  `platform_id` int NOT NULL,
  `game_slug` varchar(255) CHARACTER SET utf8mb4 COLLATE utf8mb4_unicode_ci NOT NULL,
  `platform_slug` varchar(255) CHARACTER SET utf8mb4 COLLATE utf8mb4_unicode_ci NOT NULL,
  PRIMARY KEY (`id`),
  KEY `IDX_1D1FD69F65E9B0F` (`order_product_id`),
  CONSTRAINT `FK_1D1FD69F65E9B0F` FOREIGN KEY (`order_product_id`) REFERENCES `purchase` (`id`) ON DELETE CASCADE
) ENGINE=InnoDB AUTO_INCREMENT=79 DEFAULT CHARSET=utf8mb4 COLLATE=utf8mb4_unicode_ci;

-- Listage des données de la table kgaming.recap_details : ~8 rows (environ)
DELETE FROM `recap_details`;
INSERT INTO `recap_details` (`id`, `order_product_id`, `quantity`, `game_label`, `price`, `total_recap`, `platform_label`, `game_id`, `platform_id`, `game_slug`, `platform_slug`) VALUES
	(59, 98, 2, 'Diablo IV', 19.99, '39.98', 'Battle.net', 7, 3, 'diablo-iv', 'battle-net'),
	(60, 99, 1, 'Rust', 39.99, '39.99', 'Steam', 2, 1, 'rust', 'steam'),
	(61, 99, 1, 'Diablo IV', 19.99, '19.99', 'Steam', 7, 1, 'diablo-iv', 'steam'),
	(62, 99, 1, 'Counter-Strike 2', 19.99, '19.99', 'Steam', 6, 1, 'counter-strike-2', 'steam'),
	(63, 100, 1, 'Diablo IV', 19.99, '19.99', 'Steam', 7, 1, 'diablo-iv', 'steam'),
	(75, 112, 2, 'Satisfactory', 24.99, '49.98', 'Epic Games', 14, 4, 'satisfactory', 'epic-games'),
	(77, 114, 1, 'Red Dead Redemption 2', 24.99, '24.99', 'Steam', 27, 1, 'red-dead-redemption-2', 'steam');

-- Listage de la structure de la table kgaming. reset_password_request
CREATE TABLE IF NOT EXISTS `reset_password_request` (
  `id` int NOT NULL AUTO_INCREMENT,
  `user_id` int NOT NULL,
  `selector` varchar(20) CHARACTER SET utf8mb4 COLLATE utf8mb4_unicode_ci NOT NULL,
  `hashed_token` varchar(100) CHARACTER SET utf8mb4 COLLATE utf8mb4_unicode_ci NOT NULL,
  `requested_at` datetime NOT NULL COMMENT '(DC2Type:datetime_immutable)',
  `expires_at` datetime NOT NULL COMMENT '(DC2Type:datetime_immutable)',
  PRIMARY KEY (`id`),
  KEY `IDX_7CE748AA76ED395` (`user_id`),
  CONSTRAINT `FK_7CE748AA76ED395` FOREIGN KEY (`user_id`) REFERENCES `user` (`id`)
) ENGINE=InnoDB DEFAULT CHARSET=utf8mb4 COLLATE=utf8mb4_unicode_ci;

-- Listage des données de la table kgaming.reset_password_request : ~0 rows (environ)
DELETE FROM `reset_password_request`;

-- Listage de la structure de la table kgaming. stock
CREATE TABLE IF NOT EXISTS `stock` (
  `id` int NOT NULL AUTO_INCREMENT,
  `game_id` int NOT NULL,
  `purchase_id` int DEFAULT NULL,
  `plateform_id` int NOT NULL,
  `license_key` varchar(255) CHARACTER SET utf8mb4 COLLATE utf8mb4_unicode_ci NOT NULL,
  `date_availability` datetime NOT NULL DEFAULT CURRENT_TIMESTAMP,
  `is_available` tinyint(1) NOT NULL,
  PRIMARY KEY (`id`),
  KEY `IDX_4B365660E48FD905` (`game_id`),
  KEY `IDX_4B365660558FBEB9` (`purchase_id`),
  KEY `IDX_4B365660CCAA542F` (`plateform_id`),
  CONSTRAINT `FK_4B365660558FBEB9` FOREIGN KEY (`purchase_id`) REFERENCES `purchase` (`id`),
  CONSTRAINT `FK_4B365660CCAA542F` FOREIGN KEY (`plateform_id`) REFERENCES `plateform` (`id`) ON DELETE CASCADE,
  CONSTRAINT `FK_4B365660E48FD905` FOREIGN KEY (`game_id`) REFERENCES `game` (`id`) ON DELETE CASCADE
) ENGINE=InnoDB AUTO_INCREMENT=1617 DEFAULT CHARSET=utf8mb4 COLLATE=utf8mb4_unicode_ci;

-- Listage des données de la table kgaming.stock : ~1 615 rows (environ)
DELETE FROM `stock`;
INSERT INTO `stock` (`id`, `game_id`, `purchase_id`, `plateform_id`, `license_key`, `date_availability`, `is_available`) VALUES
	(1, 2, 99, 1, '3D35-8828-9BF9-6896', '2023-06-06 09:08:47', 0),
	(2, 2, NULL, 1, '62E5-4A58-DEE6-C50A', '2023-06-06 09:08:47', 1),
	(3, 2, NULL, 1, 'F76E-49F5-DA7A-2468', '2023-06-06 09:08:47', 1),
	(4, 2, NULL, 1, '8420-F1F8-DF0D-D3D9', '2023-06-06 09:08:47', 1),
	(5, 2, NULL, 6, 'B77F-8707-CDC0-F6D6', '2023-06-06 09:08:47', 1),
	(6, 2, NULL, 6, 'B9C0-D944-1537-9E86', '2023-06-06 09:08:47', 1),
	(7, 2, NULL, 6, '8ED1-56DA-5E61-2687', '2023-06-06 09:08:47', 1),
	(8, 2, NULL, 6, '6BA8-1C28-D7E8-D96B', '2023-06-06 09:08:47', 1),
	(9, 2, NULL, 6, '9254-FF95-7F07-EF4C', '2023-06-06 09:08:47', 1),
	(10, 2, NULL, 7, 'DAD3-8878-76EB-0E55', '2023-06-06 09:08:47', 1),
	(11, 2, NULL, 7, 'EDCE-4798-66AD-1DC3', '2023-06-06 09:08:47', 1),
	(12, 2, NULL, 7, '04C2-2041-6674-DAAD', '2023-06-06 09:08:47', 1),
	(13, 2, NULL, 7, 'AEBB-83B3-3425-0248', '2023-06-06 09:08:47', 1),
	(14, 2, NULL, 7, '7178-28A6-22F3-DCE1', '2023-06-06 09:08:47', 1),
	(15, 2, NULL, 8, 'DE85-43E7-FDD3-31A9', '2023-06-06 09:08:47', 1),
	(16, 2, NULL, 9, '9CD0-6DD1-F2A9-E8E9', '2023-06-06 09:08:47', 1),
	(17, 2, NULL, 9, '6A7B-3D7D-FC85-7D9B', '2023-06-06 09:08:47', 1),
	(18, 2, NULL, 9, '91CE-BB3C-0A4B-5449', '2023-06-06 09:08:47', 1),
	(19, 2, NULL, 9, '8BBD-AE4C-BB17-E28B', '2023-06-06 09:08:47', 1),
	(20, 2, NULL, 9, '2800-E29F-9AF5-11D5', '2023-06-06 09:08:47', 1),
	(21, 2, NULL, 9, '5A58-A508-58AA-0FA1', '2023-06-06 09:08:47', 1),
	(22, 2, NULL, 9, 'DF76-FF59-EA12-E244', '2023-06-06 09:08:47', 1),
	(23, 2, NULL, 9, 'A6AB-C2AB-DADF-86A4', '2023-06-06 09:08:47', 1),
	(24, 2, NULL, 9, 'FBFC-D0E9-108D-A79C', '2023-06-06 09:08:47', 1),
	(25, 3, NULL, 1, 'FD6C-64D3-6FD8-3E5C', '2023-06-06 09:08:47', 1),
	(26, 3, NULL, 1, '163F-4B08-4E5D-4CEF', '2023-06-06 09:08:47', 1),
	(27, 3, NULL, 1, '894B-A709-A7BA-B0BB', '2023-06-06 09:08:47', 1),
	(28, 3, NULL, 1, 'D074-06D4-8F54-53C1', '2023-06-06 09:08:47', 1),
	(29, 3, NULL, 8, '8515-8DF3-C2D2-3477', '2023-06-06 09:08:47', 1),
	(30, 3, NULL, 8, '18E5-C05B-CB05-55AA', '2023-06-06 09:08:47', 1),
	(31, 3, NULL, 8, '9C67-601C-6D2D-7E07', '2023-06-06 09:08:47', 1),
	(32, 3, NULL, 8, '7618-03F8-507D-F70E', '2023-06-06 09:08:47', 1),
	(33, 3, NULL, 8, '2995-564C-3C67-CEF9', '2023-06-06 09:08:47', 1),
	(34, 3, NULL, 8, '30FF-D65A-7507-D80E', '2023-06-06 09:08:47', 1),
	(35, 4, NULL, 1, '1529-285B-A549-276E', '2023-06-06 09:08:47', 1),
	(36, 4, NULL, 1, 'CB39-619B-C1D8-C7CA', '2023-06-06 09:08:47', 1),
	(37, 6, 99, 1, '080F-EFFD-7B11-4729', '2023-06-06 09:08:47', 0),
	(38, 6, NULL, 1, '8984-1469-37C7-710C', '2023-06-06 09:08:47', 1),
	(39, 6, NULL, 1, 'DF44-1F4B-81C6-D19F', '2023-06-06 09:08:47', 1),
	(40, 7, 99, 1, '9037-8D80-3F3F-C691', '2023-06-06 09:08:47', 0),
	(41, 7, 100, 1, '0F4E-64A1-EA59-2812', '2023-06-06 09:08:47', 0),
	(42, 7, NULL, 1, '1A0E-0657-A6D2-F99B', '2023-06-06 09:08:47', 1),
	(43, 7, 98, 3, '3F0E-C624-CA99-2433', '2023-06-06 09:08:47', 0),
	(44, 7, 98, 3, 'F6AB-59A7-718C-7C04', '2023-06-06 09:08:47', 0),
	(45, 7, NULL, 3, 'FFC0-F804-E5F8-A9F8', '2023-06-06 09:08:47', 1),
	(46, 7, NULL, 3, 'B52C-1DFC-D793-7E34', '2023-06-06 09:08:47', 1),
	(47, 7, NULL, 3, '44D1-7731-20AB-2A89', '2023-06-06 09:08:47', 1),
	(48, 7, NULL, 3, '2575-083F-C39D-CE82', '2023-06-06 09:08:47', 1),
	(49, 7, NULL, 3, 'D485-6B59-0236-2F10', '2023-06-06 09:08:47', 1),
	(50, 7, NULL, 6, '3635-ABB0-43FF-0A2D', '2023-06-06 09:08:47', 1),
	(51, 7, NULL, 6, '842F-F47A-9FB9-168B', '2023-06-06 09:08:47', 1),
	(52, 7, NULL, 6, '3868-D7BC-86A4-C703', '2023-06-06 09:08:47', 1),
	(53, 7, NULL, 7, '3EEB-DAB9-931D-248E', '2023-06-06 09:08:47', 1),
	(54, 7, NULL, 7, '6057-7BF7-DF44-A733', '2023-06-06 09:08:47', 1),
	(55, 7, NULL, 7, 'A3C6-7F01-7D22-E82A', '2023-06-06 09:08:47', 1),
	(56, 7, NULL, 7, 'A4B4-13CF-8AF0-89A1', '2023-06-06 09:08:47', 1),
	(57, 7, NULL, 7, 'E621-36EA-7242-E700', '2023-06-06 09:08:47', 1),
	(58, 7, NULL, 7, 'A515-3189-545C-15D4', '2023-06-06 09:08:47', 1),
	(59, 7, NULL, 8, '37B7-6E90-8973-6023', '2023-06-06 09:08:47', 1),
	(60, 7, NULL, 8, 'F56A-769B-BADD-8AAC', '2023-06-06 09:08:47', 1),
	(61, 7, NULL, 8, 'C947-E1DB-B714-0354', '2023-06-06 09:08:47', 1),
	(62, 7, NULL, 8, '5173-4E3D-91CF-85FF', '2023-06-06 09:08:47', 1),
	(63, 7, NULL, 8, 'D887-673F-EC37-416C', '2023-06-06 09:08:47', 1),
	(64, 7, NULL, 8, 'C8B1-22EB-0324-DC22', '2023-06-06 09:08:47', 1),
	(65, 7, NULL, 8, 'A0E0-1B90-BA2C-F2C4', '2023-06-06 09:08:47', 1),
	(66, 7, NULL, 8, 'FD3B-0E52-6134-CAA7', '2023-06-06 09:08:47', 1),
	(67, 7, NULL, 8, 'C209-F47D-7A85-92BA', '2023-06-06 09:08:47', 1),
	(68, 7, NULL, 8, 'D8B9-447B-2D44-F49E', '2023-06-06 09:08:47', 1),
	(69, 7, NULL, 9, '74C9-7870-14CA-779F', '2023-06-06 09:08:47', 1),
	(70, 7, NULL, 9, '965A-0988-891A-C116', '2023-06-06 09:08:47', 1),
	(71, 14, NULL, 1, '3823-C7C7-F39C-2303', '2023-06-06 09:08:47', 1),
	(72, 14, 112, 4, 'A62A-1858-B3FC-6E6B', '2023-06-06 09:08:47', 0),
	(73, 14, 112, 4, '7213-AA2A-AA74-C77E', '2023-06-06 09:08:47', 0),
	(74, 14, NULL, 4, '3001-54FA-ED4B-462D', '2023-06-06 09:08:47', 1),
	(75, 14, NULL, 4, '64B5-0CCD-EED4-893D', '2023-06-06 09:08:47', 1),
	(76, 14, NULL, 4, '57FB-E60B-8181-E476', '2023-06-06 09:08:47', 1),
	(77, 14, NULL, 4, '5F7F-AF4A-1A92-5A43', '2023-06-06 09:08:47', 1),
	(78, 14, NULL, 4, 'F4BC-CDF4-316F-9684', '2023-06-06 09:08:47', 1),
	(79, 15, NULL, 5, 'E725-12F5-BB4D-6E06', '2023-06-06 09:08:47', 1),
	(80, 15, NULL, 5, '680B-A0A8-90E7-48F1', '2023-06-06 09:08:47', 1),
	(81, 15, NULL, 5, 'C9B6-CFC3-B49A-A9D3', '2023-06-06 09:08:47', 1),
	(82, 15, NULL, 5, '5AE7-168E-D453-199A', '2023-06-06 09:08:47', 1),
	(83, 15, NULL, 5, '05B9-3766-BE62-C8E5', '2023-06-06 09:08:47', 1),
	(84, 15, NULL, 5, 'DD98-AB40-72D1-DF57', '2023-06-06 09:08:47', 1),
	(85, 15, NULL, 5, '20A3-D258-C2AE-96DD', '2023-06-06 09:08:47', 1),
	(86, 15, NULL, 6, '04BF-5299-9F20-6DB2', '2023-06-06 09:08:47', 1),
	(87, 15, NULL, 6, '1DB7-182F-D518-D9C1', '2023-06-06 09:08:47', 1),
	(88, 15, NULL, 7, '391E-26F3-BBF6-5615', '2023-06-06 09:08:47', 1),
	(89, 15, NULL, 7, '10ED-35D7-C3E0-585D', '2023-06-06 09:08:47', 1),
	(90, 15, NULL, 8, '684D-E0A4-DC24-377E', '2023-06-06 09:08:47', 1),
	(91, 15, NULL, 8, '0360-EE24-663D-F463', '2023-06-06 09:08:47', 1),
	(92, 15, NULL, 8, '5D6B-0FD9-1171-CE2A', '2023-06-06 09:08:47', 1),
	(93, 15, NULL, 8, '53D0-1CC6-39DE-9AC1', '2023-06-06 09:08:47', 1),
	(94, 15, NULL, 8, '41E5-B8E2-DDFB-0033', '2023-06-06 09:08:47', 1),
	(95, 15, NULL, 8, 'A8AA-17A7-A2FF-21E2', '2023-06-06 09:08:47', 1),
	(96, 15, NULL, 8, 'F2C1-4A72-7761-4151', '2023-06-06 09:08:47', 1),
	(97, 15, NULL, 9, 'AC6D-577A-1D46-E56C', '2023-06-06 09:08:47', 1),
	(98, 15, NULL, 9, '976B-3252-03AD-3463', '2023-06-06 09:08:47', 1),
	(99, 15, NULL, 9, '2511-B2A8-E27B-B14A', '2023-06-06 09:08:47', 1),
	(100, 15, NULL, 9, '18A7-0ED9-8B87-775A', '2023-06-06 09:08:47', 1),
	(101, 15, NULL, 9, '1CA5-FE53-E388-524A', '2023-06-06 09:08:47', 1),
	(102, 15, NULL, 9, 'D16D-F944-B118-7765', '2023-06-06 09:08:47', 1),
	(103, 15, NULL, 9, '12CA-727C-DFCC-D44C', '2023-06-06 09:08:47', 1),
	(104, 17, NULL, 4, '80A3-BBDD-BF45-EB0E', '2023-06-06 09:08:47', 1),
	(105, 17, NULL, 6, 'D61E-9F47-BF0E-0281', '2023-06-06 09:08:47', 1),
	(106, 17, NULL, 6, 'A173-FC2E-F6DD-1AFE', '2023-06-06 09:08:47', 1),
	(107, 17, NULL, 6, '0191-2815-62B2-34DD', '2023-06-06 09:08:47', 1),
	(108, 17, NULL, 6, 'A59E-FC11-5948-3243', '2023-06-06 09:08:47', 1),
	(109, 17, NULL, 6, '057C-F697-599B-CDA4', '2023-06-06 09:08:47', 1),
	(110, 17, NULL, 6, 'DD2C-D033-0446-5063', '2023-06-06 09:08:47', 1),
	(111, 17, NULL, 7, '86D5-4536-66C3-F671', '2023-06-06 09:08:47', 1),
	(112, 17, NULL, 7, '52E4-F5D7-2267-14C7', '2023-06-06 09:08:47', 1),
	(113, 17, NULL, 7, '9250-51CC-9150-7B1C', '2023-06-06 09:08:47', 1),
	(114, 17, NULL, 7, '515C-939C-03EF-C837', '2023-06-06 09:08:47', 1),
	(115, 17, NULL, 7, '47B6-50D8-F4DF-FFC6', '2023-06-06 09:08:47', 1),
	(116, 17, NULL, 8, '6B52-5827-18A7-1E5D', '2023-06-06 09:08:47', 1),
	(117, 17, NULL, 8, '14D2-84A5-D1A4-D6C9', '2023-06-06 09:08:47', 1),
	(118, 17, NULL, 8, 'D98C-F6CE-1394-8E48', '2023-06-06 09:08:47', 1),
	(119, 17, NULL, 8, '0BFE-62D2-891E-F094', '2023-06-06 09:08:47', 1),
	(120, 17, NULL, 8, 'B3F4-CBA1-8CE2-7E47', '2023-06-06 09:08:47', 1),
	(121, 17, NULL, 8, '639F-B60D-660C-F473', '2023-06-06 09:08:47', 1),
	(122, 17, NULL, 8, 'B66F-6671-F0F9-5D9B', '2023-06-06 09:08:47', 1),
	(123, 17, NULL, 8, '9AE4-ECA8-A51B-9262', '2023-06-06 09:08:47', 1),
	(124, 17, NULL, 8, '5657-F6DE-7EF1-E7A8', '2023-06-06 09:08:47', 1),
	(125, 17, NULL, 9, '98F0-7FA7-2B67-9EDF', '2023-06-06 09:08:47', 1),
	(126, 17, NULL, 9, 'A55C-619A-14EF-6A9D', '2023-06-06 09:08:47', 1),
	(127, 17, NULL, 9, '0551-9512-EEB4-1D53', '2023-06-06 09:08:47', 1),
	(128, 17, NULL, 9, '502F-6BDC-4E05-8264', '2023-06-06 09:08:47', 1),
	(129, 17, NULL, 9, '3201-681F-3AD9-DE0B', '2023-06-06 09:08:47', 1),
	(130, 17, NULL, 9, 'E2E8-D73A-FC47-133F', '2023-06-06 09:08:47', 1),
	(131, 17, NULL, 9, '395B-606F-0491-499C', '2023-06-06 09:08:47', 1),
	(132, 17, NULL, 9, '7C85-5EC9-4AD8-EA71', '2023-06-06 09:08:47', 1),
	(133, 17, NULL, 9, '0A58-0415-6A8B-F92F', '2023-06-06 09:08:47', 1),
	(134, 17, NULL, 9, '4D78-1AFF-62BA-AAB2', '2023-06-06 09:08:47', 1),
	(135, 18, NULL, 8, '240F-7D37-F8AB-DF3D', '2023-06-06 09:08:47', 1),
	(136, 18, NULL, 8, '9E38-197F-E063-4BD1', '2023-06-06 09:08:47', 1),
	(137, 18, NULL, 8, 'BAF9-E5BD-C207-64BB', '2023-06-06 09:08:47', 1),
	(138, 18, NULL, 8, '1ED4-E5EB-23EC-55E3', '2023-06-06 09:08:47', 1),
	(139, 18, NULL, 8, '67D6-9497-0AFE-35E4', '2023-06-06 09:08:47', 1),
	(140, 19, NULL, 1, '42E2-14A7-0E67-AB13', '2023-06-06 09:08:47', 1),
	(141, 19, NULL, 1, '260A-D70D-5FFF-A5CA', '2023-06-06 09:08:47', 1),
	(142, 19, NULL, 1, 'C152-B0F0-E032-C3EB', '2023-06-06 09:08:47', 1),
	(143, 19, NULL, 1, '217D-7E63-43F7-1405', '2023-06-06 09:08:47', 1),
	(144, 19, NULL, 1, '2D79-A211-B328-A068', '2023-06-06 09:08:47', 1),
	(145, 19, NULL, 1, 'CC8F-34B9-E3C3-66ED', '2023-06-06 09:08:47', 1),
	(146, 19, NULL, 4, '033A-2D91-2535-7F35', '2023-06-06 09:08:47', 1),
	(147, 19, NULL, 4, 'F06E-0E03-9710-867B', '2023-06-06 09:08:47', 1),
	(148, 19, NULL, 4, '3D1E-8568-53BE-5A99', '2023-06-06 09:08:47', 1),
	(149, 19, NULL, 4, '7F2C-BFED-7658-0303', '2023-06-06 09:08:47', 1),
	(150, 19, NULL, 4, '060F-C194-D08D-C152', '2023-06-06 09:08:47', 1),
	(151, 19, NULL, 4, 'E421-B159-4AAC-75E3', '2023-06-06 09:08:47', 1),
	(152, 19, NULL, 4, '2B51-7AFB-D07F-F11A', '2023-06-06 09:08:47', 1),
	(153, 19, NULL, 6, '86BD-D39F-753E-BDEB', '2023-06-06 09:08:47', 1),
	(154, 19, NULL, 6, '4127-D702-C52B-513A', '2023-06-06 09:08:47', 1),
	(155, 19, NULL, 6, '1411-911C-D8B8-99FC', '2023-06-06 09:08:47', 1),
	(156, 19, NULL, 6, 'CD8F-9B54-747A-5D7A', '2023-06-06 09:08:47', 1),
	(157, 19, NULL, 6, 'FFAC-1007-289A-F5E0', '2023-06-06 09:08:47', 1),
	(158, 19, NULL, 6, 'DE7D-5163-D21C-21FD', '2023-06-06 09:08:47', 1),
	(159, 19, NULL, 7, '6F5C-8276-AD06-2C7C', '2023-06-06 09:08:47', 1),
	(160, 19, NULL, 7, '1162-CB49-0431-1586', '2023-06-06 09:08:47', 1),
	(161, 19, NULL, 7, '0FE7-F2BA-323B-A946', '2023-06-06 09:08:47', 1),
	(162, 19, NULL, 7, '1A33-02B6-9304-7791', '2023-06-06 09:08:47', 1),
	(163, 19, NULL, 7, '901A-6F84-8875-672F', '2023-06-06 09:08:47', 1),
	(164, 19, NULL, 8, '5F48-870F-2DD1-8805', '2023-06-06 09:08:47', 1),
	(165, 19, NULL, 8, '0F53-CA18-4BFA-3674', '2023-06-06 09:08:47', 1),
	(166, 19, NULL, 8, '522E-8B3E-2291-894A', '2023-06-06 09:08:47', 1),
	(167, 19, NULL, 8, 'C205-27BF-D525-3335', '2023-06-06 09:08:47', 1),
	(168, 19, NULL, 8, '78C3-CC8C-416F-0654', '2023-06-06 09:08:47', 1),
	(169, 19, NULL, 8, '46FC-72C8-E958-3D22', '2023-06-06 09:08:47', 1),
	(170, 19, NULL, 9, 'FB2E-463A-00B2-DEFE', '2023-06-06 09:08:47', 1),
	(171, 19, NULL, 9, 'A031-E50C-C43D-3630', '2023-06-06 09:08:47', 1),
	(172, 20, NULL, 3, '4134-727F-28CA-AEBC', '2023-06-06 09:08:47', 1),
	(173, 20, NULL, 3, '6CB6-4DA2-0E2A-5A06', '2023-06-06 09:08:47', 1),
	(174, 20, NULL, 3, 'E087-9007-E982-F046', '2023-06-06 09:08:47', 1),
	(175, 20, NULL, 3, '9EE2-F51F-8E38-FA43', '2023-06-06 09:08:47', 1),
	(176, 20, NULL, 3, 'E50C-996E-C4CF-CEFC', '2023-06-06 09:08:47', 1),
	(177, 20, NULL, 3, 'E912-9F05-E697-FE38', '2023-06-06 09:08:47', 1),
	(178, 20, NULL, 3, 'E05E-A94C-C24E-3F01', '2023-06-06 09:08:47', 1),
	(179, 20, NULL, 3, 'D97B-FBD7-4E6F-D8AF', '2023-06-06 09:08:47', 1),
	(180, 20, NULL, 7, '21EF-6609-91D7-4F60', '2023-06-06 09:08:47', 1),
	(181, 20, NULL, 7, '50DA-4E00-0EE1-B859', '2023-06-06 09:08:47', 1),
	(182, 20, NULL, 7, '3B54-01D2-2E95-BC7E', '2023-06-06 09:08:47', 1),
	(183, 20, NULL, 7, 'A360-9222-C9A0-6053', '2023-06-06 09:08:47', 1),
	(184, 20, NULL, 7, '07FD-36F9-7816-8097', '2023-06-06 09:08:47', 1),
	(185, 20, NULL, 8, 'DC77-0987-0C1F-E084', '2023-06-06 09:08:47', 1),
	(186, 20, NULL, 8, '8A50-B0C8-4E39-076D', '2023-06-06 09:08:47', 1),
	(187, 20, NULL, 8, '0672-244B-D353-1738', '2023-06-06 09:08:47', 1),
	(188, 20, NULL, 8, '10AD-E7E0-4D1A-AED6', '2023-06-06 09:08:47', 1),
	(189, 20, NULL, 8, '5AE1-1331-32F5-0779', '2023-06-06 09:08:47', 1),
	(190, 20, NULL, 8, '2FDB-5E26-FE76-7E48', '2023-06-06 09:08:47', 1),
	(191, 20, NULL, 8, 'DCE4-B731-4F73-0AF9', '2023-06-06 09:08:47', 1),
	(192, 20, NULL, 8, '74F9-CC4E-2B2C-B99B', '2023-06-06 09:08:47', 1),
	(193, 21, NULL, 3, '0608-F3D8-9ABF-C6DC', '2023-06-06 09:08:47', 1),
	(194, 21, NULL, 3, 'FEA6-145C-81BC-4C14', '2023-06-06 09:08:47', 1),
	(195, 21, NULL, 3, '2E96-7890-B18D-6DAC', '2023-06-06 09:08:47', 1),
	(196, 21, NULL, 3, '4E7B-74B0-9370-FFC2', '2023-06-06 09:08:47', 1),
	(197, 21, NULL, 3, 'C623-5CF2-433E-A998', '2023-06-06 09:08:47', 1),
	(198, 21, NULL, 6, '75CA-B592-B2F6-880D', '2023-06-06 09:08:47', 1),
	(199, 21, NULL, 6, 'C0C1-A201-B757-2432', '2023-06-06 09:08:47', 1),
	(200, 21, NULL, 6, 'A2E3-1F55-1AC7-B8F0', '2023-06-06 09:08:47', 1),
	(201, 21, NULL, 6, '8F37-116F-6F1A-51CA', '2023-06-06 09:08:47', 1),
	(202, 21, NULL, 6, '12FE-86B9-8091-B77F', '2023-06-06 09:08:47', 1),
	(203, 21, NULL, 6, '1B73-0970-B334-E050', '2023-06-06 09:08:47', 1),
	(204, 21, NULL, 6, '9849-9C3B-E126-7A28', '2023-06-06 09:08:47', 1),
	(205, 21, NULL, 6, 'F708-7BA8-0DF1-00BA', '2023-06-06 09:08:47', 1),
	(206, 21, NULL, 7, '1E07-1692-A580-69C4', '2023-06-06 09:08:47', 1),
	(207, 21, NULL, 7, 'A62A-649B-8114-8172', '2023-06-06 09:08:47', 1),
	(208, 21, NULL, 7, '41DF-B027-9975-17D0', '2023-06-06 09:08:47', 1),
	(209, 21, NULL, 7, '8A8F-9D32-1250-6720', '2023-06-06 09:08:47', 1),
	(210, 21, NULL, 7, '5509-A566-C289-446D', '2023-06-06 09:08:47', 1),
	(211, 21, NULL, 7, '8AC4-8B4F-A79C-B95B', '2023-06-06 09:08:47', 1),
	(212, 21, NULL, 7, '4D49-06AB-80EC-AB77', '2023-06-06 09:08:47', 1),
	(213, 21, NULL, 8, 'F098-AFAD-5C0F-7804', '2023-06-06 09:08:47', 1),
	(214, 21, NULL, 8, '1D7A-555E-BE65-B15C', '2023-06-06 09:08:47', 1),
	(215, 21, NULL, 8, '3CF7-E084-1E50-02E8', '2023-06-06 09:08:47', 1),
	(216, 21, NULL, 8, 'C2B9-41E7-C688-5831', '2023-06-06 09:08:47', 1),
	(217, 21, NULL, 8, '7E82-5E3C-3391-CE09', '2023-06-06 09:08:47', 1),
	(218, 21, NULL, 8, '412E-B55E-891A-515A', '2023-06-06 09:08:47', 1),
	(219, 21, NULL, 9, '0797-E7D2-CF50-2CB4', '2023-06-06 09:08:47', 1),
	(220, 21, NULL, 9, '7BF3-69AE-670F-78FD', '2023-06-06 09:08:47', 1),
	(221, 21, NULL, 9, '4D94-A564-1E14-9CEE', '2023-06-06 09:08:47', 1),
	(222, 21, NULL, 9, 'ED91-782C-ED3A-AE6C', '2023-06-06 09:08:47', 1),
	(223, 22, NULL, 1, 'C50B-CC2C-1F71-8816', '2023-06-06 09:08:47', 1),
	(224, 22, NULL, 1, '7E72-616D-1832-598D', '2023-06-06 09:08:47', 1),
	(225, 22, NULL, 1, '915A-BC01-A136-F585', '2023-06-06 09:08:47', 1),
	(226, 22, NULL, 1, 'CAC6-EBFF-3552-BFA6', '2023-06-06 09:08:47', 1),
	(227, 22, NULL, 1, '8FE4-D561-045C-3AB7', '2023-06-06 09:08:47', 1),
	(228, 22, NULL, 1, '9170-E69B-5E8F-B3AD', '2023-06-06 09:08:47', 1),
	(229, 22, NULL, 1, '48AF-5371-2FA3-3B15', '2023-06-06 09:08:47', 1),
	(230, 22, NULL, 1, '3E90-D295-CD94-FF75', '2023-06-06 09:08:47', 1),
	(231, 22, NULL, 2, '8CD1-5C67-E5CF-3C07', '2023-06-06 09:08:47', 1),
	(232, 22, NULL, 2, '8BDC-0E11-985D-2D6C', '2023-06-06 09:08:47', 1),
	(233, 22, NULL, 2, 'DD8A-7D41-F485-6BBA', '2023-06-06 09:08:47', 1),
	(234, 22, NULL, 2, 'E35D-8779-7BBE-5061', '2023-06-06 09:08:47', 1),
	(235, 22, NULL, 2, '50B9-7411-7F18-FCC7', '2023-06-06 09:08:47', 1),
	(236, 22, NULL, 4, '7947-9599-9E0E-6917', '2023-06-06 09:08:47', 1),
	(237, 22, NULL, 4, '6D72-4D49-B897-E05C', '2023-06-06 09:08:47', 1),
	(238, 22, NULL, 4, '03EC-5A9E-7AAD-1CC2', '2023-06-06 09:08:47', 1),
	(239, 22, NULL, 4, '1190-D6EF-CC30-81AA', '2023-06-06 09:08:47', 1),
	(240, 22, NULL, 4, '70FE-4727-EB87-5155', '2023-06-06 09:08:47', 1),
	(241, 22, NULL, 4, '9D4D-0655-A7C4-6942', '2023-06-06 09:08:47', 1),
	(242, 22, NULL, 4, 'E1A2-1DFC-3D41-7FB1', '2023-06-06 09:08:47', 1),
	(243, 22, NULL, 4, '67C9-CCDF-F07F-2965', '2023-06-06 09:08:47', 1),
	(244, 22, NULL, 4, 'B2B4-59E7-43CC-BA52', '2023-06-06 09:08:47', 1),
	(245, 22, NULL, 4, 'C55F-A380-8408-6FDF', '2023-06-06 09:08:47', 1),
	(246, 22, NULL, 4, '9756-7F8A-09F3-774C', '2023-06-06 09:08:47', 1),
	(247, 22, NULL, 7, '4B51-2949-E843-930C', '2023-06-06 09:08:47', 1),
	(248, 22, NULL, 7, '619C-2CD4-81F1-EF8C', '2023-06-06 09:08:47', 1),
	(249, 22, NULL, 7, '0C9C-6FA3-0DEC-BCC0', '2023-06-06 09:08:47', 1),
	(250, 22, NULL, 8, '89B1-E2CA-7FB9-0B2F', '2023-06-06 09:08:47', 1),
	(251, 22, NULL, 8, '693E-BABB-9DDA-86D5', '2023-06-06 09:08:47', 1),
	(252, 22, NULL, 8, '1F32-4F64-1FF9-E7E2', '2023-06-06 09:08:47', 1),
	(253, 22, NULL, 8, '878D-AA74-A958-C6B8', '2023-06-06 09:08:47', 1),
	(254, 22, NULL, 8, 'A6D7-C947-D3B4-811D', '2023-06-06 09:08:47', 1),
	(255, 23, NULL, 1, '03B3-BAC7-090C-12B5', '2023-06-06 09:08:47', 1),
	(256, 23, NULL, 2, '54E1-B7DB-CA74-8B3B', '2023-06-06 09:08:47', 1),
	(257, 23, NULL, 4, 'F207-F54A-1548-BEB0', '2023-06-06 09:08:47', 1),
	(258, 23, NULL, 4, 'FB1C-5689-BB07-49D2', '2023-06-06 09:08:47', 1),
	(259, 23, NULL, 4, '7482-5A59-C582-4A13', '2023-06-06 09:08:47', 1),
	(260, 23, NULL, 4, 'E62A-7102-6389-C217', '2023-06-06 09:08:47', 1),
	(261, 23, NULL, 4, '559B-0AAB-CBA3-A4C5', '2023-06-06 09:08:47', 1),
	(262, 23, NULL, 4, '68E6-5E05-BE34-65E1', '2023-06-06 09:08:47', 1),
	(263, 23, NULL, 4, '9859-70A0-A22B-C5A1', '2023-06-06 09:08:47', 1),
	(264, 23, NULL, 6, '2AB9-65EC-492B-8B5F', '2023-06-06 09:08:47', 1),
	(265, 23, NULL, 6, '4ED0-55BC-E5F5-5EF8', '2023-06-06 09:08:47', 1),
	(266, 23, NULL, 6, 'B544-BD66-41F6-413F', '2023-06-06 09:08:47', 1),
	(267, 23, NULL, 6, '4E55-C610-605E-BDEA', '2023-06-06 09:08:47', 1),
	(268, 23, NULL, 6, '4A79-9097-AFA1-4C4A', '2023-06-06 09:08:47', 1),
	(269, 23, NULL, 6, '99A0-9E79-2A9F-C3E2', '2023-06-06 09:08:47', 1),
	(270, 23, NULL, 7, '9695-976B-A52E-EB00', '2023-06-06 09:08:47', 1),
	(271, 23, NULL, 7, 'DFB9-FC3D-30B8-552A', '2023-06-06 09:08:47', 1),
	(272, 23, NULL, 7, '8190-45BB-37C2-4FFA', '2023-06-06 09:08:47', 1),
	(273, 23, NULL, 7, 'DCC6-DEE9-FB8F-E6EB', '2023-06-06 09:08:47', 1),
	(274, 23, NULL, 7, '05BC-41E6-7B0A-6620', '2023-06-06 09:08:47', 1),
	(275, 23, NULL, 7, '6D90-B236-5D4E-01E3', '2023-06-06 09:08:47', 1),
	(276, 23, NULL, 7, 'C3A2-0CCB-E33A-2D8F', '2023-06-06 09:08:47', 1),
	(277, 23, NULL, 7, '3A03-67F6-FD5A-2D89', '2023-06-06 09:08:47', 1),
	(278, 23, NULL, 8, '9C91-83BE-E333-8ECB', '2023-06-06 09:08:47', 1),
	(279, 23, NULL, 8, 'EFCD-9B21-538A-5D4C', '2023-06-06 09:08:47', 1),
	(280, 23, NULL, 8, 'F1B8-1B44-CAAB-5779', '2023-06-06 09:08:47', 1),
	(281, 23, NULL, 9, 'BCFB-F684-E316-F269', '2023-06-06 09:08:47', 1),
	(282, 23, NULL, 9, 'B0C8-B32B-395E-8FB2', '2023-06-06 09:08:47', 1),
	(283, 23, NULL, 9, '392F-75AA-BA2D-C697', '2023-06-06 09:08:47', 1),
	(284, 23, NULL, 9, 'A708-F840-66E4-26BF', '2023-06-06 09:08:47', 1),
	(285, 23, NULL, 9, '9428-EF10-6942-9A3E', '2023-06-06 09:08:47', 1),
	(286, 23, NULL, 9, '7AB8-5704-7F0F-C639', '2023-06-06 09:08:47', 1),
	(287, 24, NULL, 1, 'CEB2-D73A-6158-074F', '2023-06-06 09:08:47', 1),
	(288, 24, NULL, 1, 'B57A-4D2F-A5F6-FEBB', '2023-06-06 09:08:47', 1),
	(289, 24, NULL, 1, '098D-E318-9CC0-D7B1', '2023-06-06 09:08:47', 1),
	(290, 24, NULL, 1, 'D5AD-ACC0-AC2E-DFFA', '2023-06-06 09:08:47', 1),
	(291, 24, NULL, 1, 'C17F-9323-96C2-4918', '2023-06-06 09:08:47', 1),
	(292, 24, NULL, 1, '361C-230F-AD25-77C9', '2023-06-06 09:08:47', 1),
	(293, 24, NULL, 1, '8493-90C8-7F13-F6A2', '2023-06-06 09:08:47', 1),
	(294, 24, NULL, 1, 'E66C-71CA-56BA-126A', '2023-06-06 09:08:47', 1),
	(295, 24, NULL, 1, '0C31-2BE0-EE62-8A61', '2023-06-06 09:08:47', 1),
	(296, 24, NULL, 1, '349E-13CD-EB45-7228', '2023-06-06 09:08:47', 1),
	(297, 24, NULL, 2, '28C0-E179-F037-0613', '2023-06-06 09:08:47', 1),
	(298, 24, NULL, 2, '039B-74A9-7EEE-BF3D', '2023-06-06 09:08:47', 1),
	(299, 24, NULL, 2, '190E-0DEB-5A63-36C6', '2023-06-06 09:08:47', 1),
	(300, 24, NULL, 2, '4B60-6622-3702-3CF9', '2023-06-06 09:08:47', 1),
	(301, 24, NULL, 2, '040B-4AED-C868-04FC', '2023-06-06 09:08:47', 1),
	(302, 24, NULL, 2, 'DB68-EAE4-9459-3702', '2023-06-06 09:08:47', 1),
	(303, 24, NULL, 2, 'CC07-6719-87DA-4447', '2023-06-06 09:08:47', 1),
	(304, 24, NULL, 6, '5A7E-7E8A-8EE5-682C', '2023-06-06 09:08:47', 1),
	(305, 24, NULL, 6, '8618-DF8D-DA1B-AD97', '2023-06-06 09:08:47', 1),
	(306, 24, NULL, 6, '8A1E-367B-6BDE-F33A', '2023-06-06 09:08:47', 1),
	(307, 24, NULL, 6, '29DF-AC3E-7B91-4F15', '2023-06-06 09:08:47', 1),
	(308, 24, NULL, 7, '7E3A-E2BA-CC41-C1F4', '2023-06-06 09:08:47', 1),
	(309, 24, NULL, 7, 'A5A5-22B3-D9EA-46B6', '2023-06-06 09:08:47', 1),
	(310, 24, NULL, 7, 'A992-9A7B-2444-495C', '2023-06-06 09:08:47', 1),
	(311, 24, NULL, 7, 'AFD2-D403-A4BE-5F35', '2023-06-06 09:08:47', 1),
	(312, 24, NULL, 7, 'EB29-857D-352E-0FC5', '2023-06-06 09:08:47', 1),
	(313, 24, NULL, 7, 'B66E-B4B0-62AC-010D', '2023-06-06 09:08:47', 1),
	(314, 24, NULL, 7, 'CAE4-AACA-DE82-E9D2', '2023-06-06 09:08:47', 1),
	(315, 24, NULL, 8, '155D-EF37-1242-E093', '2023-06-06 09:08:47', 1),
	(316, 24, NULL, 8, '9A85-33F6-D0C2-47D3', '2023-06-06 09:08:47', 1),
	(317, 24, NULL, 8, '99DB-2D30-8CA1-0D30', '2023-06-06 09:08:47', 1),
	(318, 24, NULL, 8, 'E665-C3EA-625B-F571', '2023-06-06 09:08:47', 1),
	(319, 24, NULL, 8, '977C-523B-33B2-C49E', '2023-06-06 09:08:47', 1),
	(320, 24, NULL, 8, '5C90-1E25-82CC-A11A', '2023-06-06 09:08:47', 1),
	(321, 24, NULL, 8, '52D0-6693-741C-BFD5', '2023-06-06 09:08:47', 1),
	(322, 24, NULL, 8, 'F5D8-20A5-00F3-92FC', '2023-06-06 09:08:47', 1),
	(323, 24, NULL, 8, 'FD2E-66D7-ECB5-6663', '2023-06-06 09:08:47', 1),
	(324, 24, NULL, 8, '819B-FB1E-755E-BCC2', '2023-06-06 09:08:47', 1),
	(325, 24, NULL, 9, 'AAF3-B627-6286-62CF', '2023-06-06 09:08:47', 1),
	(326, 24, NULL, 9, 'EAA8-7BF7-77F8-028C', '2023-06-06 09:08:47', 1),
	(327, 24, NULL, 9, 'B220-230D-66C9-DD61', '2023-06-06 09:08:47', 1),
	(328, 24, NULL, 9, '0D67-D811-73D1-5875', '2023-06-06 09:08:47', 1),
	(329, 24, NULL, 9, '6391-AAF4-1626-405F', '2023-06-06 09:08:47', 1),
	(330, 24, NULL, 9, 'C6D4-2677-4F59-90D7', '2023-06-06 09:08:47', 1),
	(331, 25, NULL, 1, 'B151-923E-DCAF-5964', '2023-06-06 09:08:47', 1),
	(332, 25, NULL, 1, '999A-56CC-1FEC-2A0A', '2023-06-06 09:08:47', 1),
	(333, 25, NULL, 1, '3E33-EEBF-6411-9147', '2023-06-06 09:08:47', 1),
	(334, 25, NULL, 1, 'AFC8-ED9E-A63F-9149', '2023-06-06 09:08:47', 1),
	(335, 25, NULL, 1, 'A813-38D8-EB89-C562', '2023-06-06 09:08:47', 1),
	(336, 25, NULL, 1, '7046-B961-B0C6-EE7C', '2023-06-06 09:08:47', 1),
	(337, 25, NULL, 1, 'A43A-1CFD-5AB7-EAA2', '2023-06-06 09:08:47', 1),
	(338, 25, NULL, 2, '6896-52C7-1F40-8914', '2023-06-06 09:08:47', 1),
	(339, 25, NULL, 2, '5C6C-C328-0F1B-373E', '2023-06-06 09:08:47', 1),
	(340, 25, NULL, 2, '23BF-2A24-CF74-5C2B', '2023-06-06 09:08:47', 1),
	(341, 25, NULL, 2, '0211-C040-924D-275D', '2023-06-06 09:08:47', 1),
	(342, 25, NULL, 2, '587B-41AD-0169-0A25', '2023-06-06 09:08:47', 1),
	(343, 25, NULL, 4, '9CB2-77A5-9DFB-48FC', '2023-06-06 09:08:47', 1),
	(344, 25, NULL, 4, '7348-D51D-E055-D269', '2023-06-06 09:08:47', 1),
	(345, 25, NULL, 4, '90D9-0E06-79E7-5ABF', '2023-06-06 09:08:47', 1),
	(346, 25, NULL, 4, '4BE0-C7C5-8CC0-136B', '2023-06-06 09:08:47', 1),
	(347, 25, NULL, 4, '7D49-2EF7-E831-0A65', '2023-06-06 09:08:47', 1),
	(348, 25, NULL, 4, '7302-6F92-4ACE-8DDD', '2023-06-06 09:08:47', 1),
	(349, 25, NULL, 4, '0EEF-3BF8-7E16-5DA6', '2023-06-06 09:08:47', 1),
	(350, 25, NULL, 4, '5811-9492-C4DB-441B', '2023-06-06 09:08:47', 1),
	(351, 25, NULL, 4, '4F1F-78DC-D18D-0FD3', '2023-06-06 09:08:47', 1),
	(352, 25, NULL, 6, 'BD80-D315-42ED-C67C', '2023-06-06 09:08:47', 1),
	(353, 25, NULL, 6, '2D00-DBF3-9AB3-33A4', '2023-06-06 09:08:47', 1),
	(354, 25, NULL, 6, 'F7B9-4518-A85E-C8F7', '2023-06-06 09:08:47', 1),
	(355, 25, NULL, 6, '1E30-906F-3EDC-A456', '2023-06-06 09:08:47', 1),
	(356, 25, NULL, 7, '1258-53C3-2F6E-8EF9', '2023-06-06 09:08:47', 1),
	(357, 25, NULL, 7, '4D8F-BAE6-6D07-4CEF', '2023-06-06 09:08:47', 1),
	(358, 25, NULL, 7, 'B4C2-9B0B-6096-212D', '2023-06-06 09:08:47', 1),
	(359, 25, NULL, 7, 'E934-5179-B8FA-CD9F', '2023-06-06 09:08:47', 1),
	(360, 25, NULL, 7, 'E85E-FE8B-27D8-C7C4', '2023-06-06 09:08:47', 1),
	(361, 25, NULL, 8, '8660-CFE3-E3FE-C4B2', '2023-06-06 09:08:47', 1),
	(362, 25, NULL, 8, '5F34-07A1-849E-E2FC', '2023-06-06 09:08:47', 1),
	(363, 25, NULL, 9, '0803-2777-E0B7-3CAE', '2023-06-06 09:08:47', 1),
	(364, 25, NULL, 9, '99B0-8D85-E9B6-66EA', '2023-06-06 09:08:47', 1),
	(365, 25, NULL, 9, '0F34-25BA-600F-4962', '2023-06-06 09:08:47', 1),
	(366, 25, NULL, 9, 'F8B0-EB3B-2D5D-F2E2', '2023-06-06 09:08:47', 1),
	(367, 25, NULL, 9, 'D2AD-BD27-0EBF-D58E', '2023-06-06 09:08:47', 1),
	(368, 25, NULL, 9, 'F0B9-0028-976E-C722', '2023-06-06 09:08:47', 1),
	(369, 25, NULL, 9, 'B1EA-D92C-BD27-3D8A', '2023-06-06 09:08:47', 1),
	(370, 25, NULL, 9, 'B369-D828-2815-10CE', '2023-06-06 09:08:47', 1),
	(371, 25, NULL, 9, '2177-F3FB-3932-87E3', '2023-06-06 09:08:47', 1),
	(372, 25, NULL, 9, 'D826-B0A4-258B-0F33', '2023-06-06 09:08:47', 1),
	(373, 26, NULL, 1, '4A22-349E-3B0F-87AC', '2023-06-06 09:08:47', 1),
	(374, 26, NULL, 1, 'A5BD-5D62-9872-929B', '2023-06-06 09:08:47', 1),
	(375, 26, NULL, 1, 'A24C-35B3-8670-054F', '2023-06-06 09:08:47', 1),
	(376, 26, NULL, 1, '9981-2963-2EFF-1A01', '2023-06-06 09:08:47', 1),
	(377, 26, NULL, 1, 'CFDE-E99A-3804-2D2F', '2023-06-06 09:08:47', 1),
	(378, 26, NULL, 1, 'A518-84A9-F3B5-B4CB', '2023-06-06 09:08:47', 1),
	(379, 26, NULL, 1, '1C46-CBF2-DDA9-A991', '2023-06-06 09:08:47', 1),
	(380, 26, NULL, 1, 'F487-EDB7-4A68-D97B', '2023-06-06 09:08:47', 1),
	(381, 26, NULL, 2, '2776-6DEE-24F7-414F', '2023-06-06 09:08:47', 1),
	(382, 26, NULL, 2, 'FBF3-21D3-192F-7E88', '2023-06-06 09:08:47', 1),
	(383, 26, NULL, 2, '2775-2799-9BFA-CE2C', '2023-06-06 09:08:47', 1),
	(384, 26, NULL, 2, '540C-3DE0-09B7-F4DD', '2023-06-06 09:08:47', 1),
	(385, 26, NULL, 6, '9EFB-F141-1C67-849C', '2023-06-06 09:08:47', 1),
	(386, 26, NULL, 6, '5092-E395-5069-6381', '2023-06-06 09:08:47', 1),
	(387, 26, NULL, 6, '746C-B638-4CB0-DA07', '2023-06-06 09:08:47', 1),
	(388, 26, NULL, 6, 'D6D8-C268-5281-4E02', '2023-06-06 09:08:47', 1),
	(389, 26, NULL, 6, '6A8F-379E-E370-4155', '2023-06-06 09:08:47', 1),
	(390, 26, NULL, 6, '197C-65B6-44A0-8654', '2023-06-06 09:08:47', 1),
	(391, 26, NULL, 6, '7DC0-4A09-9387-E7C1', '2023-06-06 09:08:47', 1),
	(392, 26, NULL, 6, '8F03-56BC-169B-39F3', '2023-06-06 09:08:47', 1),
	(393, 26, NULL, 6, 'CAAB-563C-55DC-88CD', '2023-06-06 09:08:47', 1),
	(394, 26, NULL, 6, '3C71-150C-1FCB-9D1B', '2023-06-06 09:08:47', 1),
	(395, 26, NULL, 6, 'BC65-805E-B81D-B621', '2023-06-06 09:08:47', 1),
	(396, 26, NULL, 6, '7DA9-2198-B55C-A6E1', '2023-06-06 09:08:47', 1),
	(397, 26, NULL, 6, '0429-F8C3-E57B-256B', '2023-06-06 09:08:47', 1),
	(398, 26, NULL, 6, '0F67-9386-8383-6B6C', '2023-06-06 09:08:47', 1),
	(399, 26, NULL, 7, '3E4D-E2FB-4674-F88C', '2023-06-06 09:08:47', 1),
	(400, 26, NULL, 7, '1F38-5927-ED8F-F593', '2023-06-06 09:08:47', 1),
	(401, 26, NULL, 7, '35EC-9D78-9D62-1761', '2023-06-06 09:08:47', 1),
	(402, 26, NULL, 8, '9BA5-C9F5-10A7-A312', '2023-06-06 09:08:47', 1),
	(403, 26, NULL, 8, '1928-7369-B6D8-D22A', '2023-06-06 09:08:47', 1),
	(404, 26, NULL, 8, '5244-AF7D-426B-3C95', '2023-06-06 09:08:47', 1),
	(405, 26, NULL, 8, '4569-D83C-7060-9ADF', '2023-06-06 09:08:47', 1),
	(406, 26, NULL, 8, '9C99-08EE-C566-B4CE', '2023-06-06 09:08:47', 1),
	(407, 26, NULL, 8, '3D24-87AE-A66A-A3B9', '2023-06-06 09:08:47', 1),
	(408, 26, NULL, 8, 'E87F-AD7C-0113-7A88', '2023-06-06 09:08:47', 1),
	(409, 26, NULL, 8, '891A-9C48-1EA0-A45E', '2023-06-06 09:08:47', 1),
	(410, 26, NULL, 9, '1B7C-D2EA-BA01-308F', '2023-06-06 09:08:47', 1),
	(411, 26, NULL, 9, '47C7-AA58-C671-2B16', '2023-06-06 09:08:47', 1),
	(412, 27, 114, 1, '8D39-23B2-F33F-B2BB', '2023-06-06 09:08:47', 0),
	(413, 27, NULL, 1, 'DC6E-AB22-8C33-1BBF', '2023-06-06 09:08:47', 1),
	(414, 27, NULL, 1, '9598-D91B-AEAB-B2C1', '2023-06-06 09:08:47', 1),
	(415, 27, NULL, 1, '09A4-B6AD-B97B-F6B4', '2023-06-06 09:08:47', 1),
	(416, 27, NULL, 1, 'C519-4800-331B-3C0C', '2023-06-06 09:08:47', 1),
	(417, 27, NULL, 1, '8DB5-7534-054A-9684', '2023-06-06 09:08:47', 1),
	(418, 27, NULL, 4, '9B47-6B3F-109C-9013', '2023-06-06 09:08:47', 1),
	(419, 27, NULL, 4, '1A96-8BB4-569D-D3E3', '2023-06-06 09:08:47', 1),
	(420, 27, NULL, 4, 'B171-3249-F872-D88E', '2023-06-06 09:08:47', 1),
	(421, 27, NULL, 4, '755B-C501-B5B5-6A11', '2023-06-06 09:08:47', 1),
	(422, 27, NULL, 4, '158E-7AC6-04CA-F09E', '2023-06-06 09:08:47', 1),
	(423, 27, NULL, 4, '1467-9A1B-6D9F-F19F', '2023-06-06 09:08:47', 1),
	(424, 27, NULL, 6, '77AC-43CC-C9AE-C330', '2023-06-06 09:08:47', 1),
	(425, 27, NULL, 6, '3011-95F6-6AB0-27FA', '2023-06-06 09:08:47', 1),
	(426, 27, NULL, 9, 'A29C-EEDA-729A-D6E3', '2023-06-06 09:08:47', 1),
	(427, 27, NULL, 9, '7031-1507-F6B4-4BD6', '2023-06-06 09:08:47', 1),
	(428, 27, NULL, 9, '2589-53F8-BAE5-BAFF', '2023-06-06 09:08:47', 1),
	(429, 27, NULL, 9, 'CA85-E11F-3F28-53E4', '2023-06-06 09:08:47', 1),
	(430, 27, NULL, 9, 'B53E-7CB2-2643-B81A', '2023-06-06 09:08:47', 1),
	(431, 27, NULL, 9, '6ADF-B6B3-7391-C5BC', '2023-06-06 09:08:47', 1),
	(432, 27, NULL, 9, '8DFD-4081-18FD-7048', '2023-06-06 09:08:47', 1),
	(433, 27, NULL, 9, 'EF1D-76B4-4F8A-3A41', '2023-06-06 09:08:47', 1),
	(434, 28, NULL, 1, 'A540-CBF9-4A06-AE03', '2023-06-06 09:08:47', 1),
	(435, 28, NULL, 1, 'E0FF-84A0-51FD-9CD9', '2023-06-06 09:08:47', 1),
	(436, 28, NULL, 1, 'DB76-4DA9-2ADA-5119', '2023-06-06 09:08:47', 1),
	(437, 28, NULL, 1, '605E-67EA-7551-DCAD', '2023-06-06 09:08:47', 1),
	(438, 28, NULL, 1, 'F119-7B80-BDA7-E610', '2023-06-06 09:08:47', 1),
	(439, 28, NULL, 6, '9955-1866-4F55-B3BC', '2023-06-06 09:08:47', 1),
	(440, 28, NULL, 6, '1993-82D7-4346-263A', '2023-06-06 09:08:47', 1),
	(441, 28, NULL, 6, '302B-351D-D835-67D9', '2023-06-06 09:08:47', 1),
	(442, 28, NULL, 6, '947C-F3D7-19F7-5F2B', '2023-06-06 09:08:47', 1),
	(443, 28, NULL, 6, '695D-C741-CEF4-9933', '2023-06-06 09:08:47', 1),
	(444, 28, NULL, 6, '187F-4472-3DC3-43A0', '2023-06-06 09:08:47', 1),
	(445, 28, NULL, 7, '6B86-54C9-11D9-7A8E', '2023-06-06 09:08:47', 1),
	(446, 28, NULL, 7, '2BEE-89AC-920C-C69D', '2023-06-06 09:08:47', 1),
	(447, 28, NULL, 7, 'DF0F-1AFD-32E3-C4E1', '2023-06-06 09:08:47', 1),
	(448, 28, NULL, 7, '6D31-D852-68AB-0E88', '2023-06-06 09:08:47', 1),
	(449, 28, NULL, 8, 'FAAC-4436-F689-00B4', '2023-06-06 09:08:47', 1),
	(450, 28, NULL, 8, 'DF23-D6F9-AC1C-E0C7', '2023-06-06 09:08:47', 1),
	(451, 28, NULL, 8, 'EE26-215C-DFA2-338F', '2023-06-06 09:08:47', 1),
	(452, 28, NULL, 8, 'C649-F50D-C858-9703', '2023-06-06 09:08:47', 1),
	(453, 28, NULL, 8, 'AA68-C23F-8BCB-90C9', '2023-06-06 09:08:47', 1),
	(454, 28, NULL, 8, '78DA-F6D0-5A08-26ED', '2023-06-06 09:08:47', 1),
	(455, 28, NULL, 8, 'DA19-539F-3AAA-58EA', '2023-06-06 09:08:47', 1),
	(456, 28, NULL, 9, '0C09-6F8A-9062-718F', '2023-06-06 09:08:47', 1),
	(457, 28, NULL, 9, '8CEC-109C-002F-E6C9', '2023-06-06 09:08:47', 1),
	(458, 28, NULL, 9, 'A54B-80FF-9C67-3E3E', '2023-06-06 09:08:47', 1),
	(459, 28, NULL, 9, '187C-46DD-2507-09C8', '2023-06-06 09:08:47', 1),
	(460, 28, NULL, 9, '72D6-FA6B-6A1A-8963', '2023-06-06 09:08:47', 1),
	(461, 28, NULL, 9, '7A5E-00FF-7201-19D2', '2023-06-06 09:08:47', 1),
	(462, 28, NULL, 9, '7DC6-A980-5A14-31C9', '2023-06-06 09:08:47', 1),
	(463, 28, NULL, 9, 'D849-9775-E76C-9A93', '2023-06-06 09:08:47', 1),
	(464, 29, NULL, 1, 'FB0E-588A-69FE-27A2', '2023-06-06 09:08:47', 1),
	(465, 29, NULL, 1, '7AFC-F0C8-BDBC-E365', '2023-06-06 09:08:47', 1),
	(466, 29, NULL, 1, '8DF8-845F-7199-532E', '2023-06-06 09:08:47', 1),
	(467, 29, NULL, 1, 'BA86-86F7-A11E-3039', '2023-06-06 09:08:47', 1),
	(468, 29, NULL, 1, 'AFAA-34EF-4FC6-86C1', '2023-06-06 09:08:47', 1),
	(469, 29, NULL, 1, '0886-25ED-EBAD-9860', '2023-06-06 09:08:47', 1),
	(470, 29, NULL, 1, '4B6E-A3C6-F471-0429', '2023-06-06 09:08:47', 1),
	(471, 30, NULL, 1, '999A-3A91-F239-9C8F', '2023-06-06 09:08:47', 1),
	(472, 30, NULL, 1, '115D-92B1-7559-0CDD', '2023-06-06 09:08:47', 1),
	(473, 30, NULL, 1, 'FFF5-D67C-ABFD-E556', '2023-06-06 09:08:47', 1),
	(474, 30, NULL, 1, '9864-57C6-CEF1-1C8C', '2023-06-06 09:08:47', 1),
	(475, 30, NULL, 1, '0250-D121-145B-2E7C', '2023-06-06 09:08:47', 1),
	(476, 30, NULL, 1, '8320-91EF-84CA-E24E', '2023-06-06 09:08:47', 1),
	(477, 30, NULL, 1, 'B0B4-9499-CC5E-2A29', '2023-06-06 09:08:47', 1),
	(478, 30, NULL, 1, '1CAE-7370-C243-CFAD', '2023-06-06 09:08:47', 1),
	(479, 30, NULL, 1, '9A5E-04AD-69CC-C24E', '2023-06-06 09:08:47', 1),
	(480, 30, NULL, 1, '212E-8AED-A7AA-D2C2', '2023-06-06 09:08:47', 1),
	(481, 31, NULL, 1, 'FAF7-F570-048A-0F1F', '2023-06-06 09:08:47', 1),
	(482, 31, NULL, 1, '8900-9065-889A-611A', '2023-06-06 09:08:47', 1),
	(483, 31, NULL, 1, 'EC36-4AEC-2CB7-ECD8', '2023-06-06 09:08:47', 1),
	(484, 31, NULL, 1, 'BEE4-9DE9-5A6F-7940', '2023-06-06 09:08:47', 1),
	(485, 31, NULL, 1, 'F86A-9BA2-F830-ED03', '2023-06-06 09:08:47', 1),
	(486, 31, NULL, 1, 'FB71-8416-5918-ED09', '2023-06-06 09:08:47', 1),
	(487, 31, NULL, 6, '5860-DB62-4C61-C510', '2023-06-06 09:08:47', 1),
	(488, 31, NULL, 6, 'D02C-8BDB-D967-C7E7', '2023-06-06 09:08:47', 1),
	(489, 31, NULL, 7, 'D788-3B49-6ACC-603B', '2023-06-06 09:08:47', 1),
	(490, 31, NULL, 7, 'E028-27B7-EA0C-F708', '2023-06-06 09:08:47', 1),
	(491, 31, NULL, 7, '04E2-5D43-D603-B6FA', '2023-06-06 09:08:47', 1),
	(492, 31, NULL, 7, 'A1B0-BA00-F39F-03C9', '2023-06-06 09:08:47', 1),
	(493, 31, NULL, 7, '94D0-5B17-B0FA-850B', '2023-06-06 09:08:47', 1),
	(494, 31, NULL, 7, '2728-E592-176C-FFDA', '2023-06-06 09:08:47', 1),
	(495, 31, NULL, 8, 'C4FC-0DD1-FB4C-768A', '2023-06-06 09:08:47', 1),
	(496, 31, NULL, 8, 'EDF8-AE3F-FAD4-28E9', '2023-06-06 09:08:47', 1),
	(497, 31, NULL, 8, '9CF3-A6F3-BC81-E9A9', '2023-06-06 09:08:47', 1),
	(498, 31, NULL, 8, '1627-AA16-34D1-A60A', '2023-06-06 09:08:47', 1),
	(499, 31, NULL, 8, '3483-9A13-927F-7921', '2023-06-06 09:08:47', 1),
	(500, 31, NULL, 8, 'DE99-5BB2-4D18-C129', '2023-06-06 09:08:47', 1),
	(501, 31, NULL, 8, '6EBC-CCCC-13FB-5140', '2023-06-06 09:08:47', 1),
	(502, 31, NULL, 8, '61A4-8C94-5497-D8F3', '2023-06-06 09:08:47', 1),
	(503, 31, NULL, 9, '319A-451F-96B5-0204', '2023-06-06 09:08:47', 1),
	(504, 31, NULL, 9, 'A15C-F967-129B-946A', '2023-06-06 09:08:47', 1),
	(505, 31, NULL, 9, '60C8-A304-80E2-5746', '2023-06-06 09:08:47', 1),
	(506, 31, NULL, 9, '17B9-E3E3-1760-30D7', '2023-06-06 09:08:47', 1),
	(507, 31, NULL, 9, '259E-D440-99F4-FB47', '2023-06-06 09:08:47', 1),
	(508, 31, NULL, 9, '81E3-170D-48F4-779D', '2023-06-06 09:08:47', 1),
	(509, 31, NULL, 9, '922B-7B0E-1DD5-2108', '2023-06-06 09:08:47', 1),
	(510, 32, NULL, 1, 'C21B-7941-1D9B-9D59', '2023-06-06 09:08:47', 1),
	(511, 32, NULL, 1, '308B-BD8D-7596-FBA7', '2023-06-06 09:08:47', 1),
	(512, 32, NULL, 1, 'F81C-4B33-7395-8C71', '2023-06-06 09:08:47', 1),
	(513, 32, NULL, 1, 'D220-30CE-5692-0E5F', '2023-06-06 09:08:47', 1),
	(514, 32, NULL, 1, '1843-E8F2-5764-8D0D', '2023-06-06 09:08:47', 1),
	(515, 32, NULL, 6, '957E-BEB5-99D4-B07A', '2023-06-06 09:08:47', 1),
	(516, 32, NULL, 6, '0253-38BE-7AD8-8E3B', '2023-06-06 09:08:47', 1),
	(517, 32, NULL, 6, 'C329-E375-239E-EE08', '2023-06-06 09:08:47', 1),
	(518, 32, NULL, 6, 'AAFC-748B-2D90-052F', '2023-06-06 09:08:47', 1),
	(519, 32, NULL, 6, '2E5F-405D-277F-61A6', '2023-06-06 09:08:47', 1),
	(520, 32, NULL, 6, '64BE-95E0-DA61-021A', '2023-06-06 09:08:47', 1),
	(521, 32, NULL, 6, '6DEC-D5F2-1433-03A3', '2023-06-06 09:08:47', 1),
	(522, 32, NULL, 7, 'FA88-BDB6-BC48-6253', '2023-06-06 09:08:47', 1),
	(523, 32, NULL, 7, '9768-136F-219B-6934', '2023-06-06 09:08:47', 1),
	(524, 32, NULL, 7, 'C0CC-BA77-5F36-CC65', '2023-06-06 09:08:47', 1),
	(525, 32, NULL, 7, '3D47-8E7C-16C6-4193', '2023-06-06 09:08:47', 1),
	(526, 32, NULL, 7, '6D41-BB98-C7B6-33B4', '2023-06-06 09:08:47', 1),
	(527, 32, NULL, 8, '353D-1E18-88C0-64B8', '2023-06-06 09:08:47', 1),
	(528, 32, NULL, 8, '8899-E6E1-F4A7-B8B3', '2023-06-06 09:08:47', 1),
	(529, 32, NULL, 8, '397F-FE3E-054D-AF81', '2023-06-06 09:08:47', 1),
	(530, 32, NULL, 8, 'F32E-45C4-AD19-65CD', '2023-06-06 09:08:47', 1),
	(531, 32, NULL, 8, '4DEB-E1B4-CD07-F2B6', '2023-06-06 09:08:47', 1),
	(532, 32, NULL, 8, '4C90-FD8A-34FA-688A', '2023-06-06 09:08:47', 1),
	(533, 32, NULL, 8, 'DDA8-9784-4FD9-46C3', '2023-06-06 09:08:47', 1),
	(534, 32, NULL, 9, '5D21-89FC-D66A-6602', '2023-06-06 09:08:47', 1),
	(535, 32, NULL, 9, '97C0-1CB7-D049-2899', '2023-06-06 09:08:47', 1),
	(536, 32, NULL, 9, '52D6-9392-6FE5-3E0E', '2023-06-06 09:08:47', 1),
	(537, 32, NULL, 9, '87A9-9899-8A8E-E23B', '2023-06-06 09:08:47', 1),
	(538, 32, NULL, 9, '00E2-BD2F-9B7B-49E0', '2023-06-06 09:08:47', 1),
	(539, 32, NULL, 9, 'A040-3627-A505-FA53', '2023-06-06 09:08:47', 1),
	(540, 32, NULL, 9, '782F-66CA-A925-0D16', '2023-06-06 09:08:47', 1),
	(541, 32, NULL, 9, '9F29-6C1C-BF3C-A58F', '2023-06-06 09:08:47', 1),
	(543, 2, NULL, 1, '05C1-7BCB-D392-7B0C', '2023-08-22 21:11:34', 1),
	(544, 2, NULL, 1, '2C83-3F74-8046-8E79', '2023-08-22 21:11:34', 1),
	(545, 2, NULL, 6, '6C60-E6AF-DD09-3916', '2023-08-22 21:11:34', 1),
	(546, 2, NULL, 6, '06A6-660F-EAF5-A3D6', '2023-08-22 21:11:34', 1),
	(547, 2, NULL, 6, 'DBD9-D0C8-72AC-28E7', '2023-08-22 21:11:34', 1),
	(548, 2, NULL, 6, '512B-5423-A600-FE29', '2023-08-22 21:11:34', 1),
	(549, 2, NULL, 6, '8355-8B1F-39F0-5F3B', '2023-08-22 21:11:34', 1),
	(550, 2, NULL, 7, '1D3F-A26C-0A2F-0670', '2023-08-22 21:11:34', 1),
	(551, 2, NULL, 7, 'F58C-77A6-A7B3-1DA3', '2023-08-22 21:11:34', 1),
	(552, 2, NULL, 7, 'C14A-037D-2067-044F', '2023-08-22 21:11:34', 1),
	(553, 2, NULL, 7, '1F01-FAAC-2583-DF7E', '2023-08-22 21:11:34', 1),
	(554, 2, NULL, 7, '4A0C-5FE0-8086-5935', '2023-08-22 21:11:34', 1),
	(555, 2, NULL, 7, '921D-A8C4-86B5-817D', '2023-08-22 21:11:34', 1),
	(556, 2, NULL, 7, '8826-4FB5-86AD-E8D0', '2023-08-22 21:11:34', 1),
	(557, 2, NULL, 7, '4B7B-665C-8C64-F653', '2023-08-22 21:11:34', 1),
	(558, 2, NULL, 8, '1B28-05CC-50E1-08A1', '2023-08-22 21:11:34', 1),
	(559, 2, NULL, 8, '896C-1E0E-0FB6-828C', '2023-08-22 21:11:34', 1),
	(560, 2, NULL, 8, '29E2-623D-9921-19EB', '2023-08-22 21:11:34', 1),
	(561, 2, NULL, 8, '18F2-7F13-E626-07FC', '2023-08-22 21:11:34', 1),
	(562, 2, NULL, 8, '0AD6-BF68-E7D0-F4B4', '2023-08-22 21:11:34', 1),
	(563, 2, NULL, 9, 'FBB5-BDE9-4665-FC95', '2023-08-22 21:11:34', 1),
	(564, 2, NULL, 9, '43C8-006F-E9E1-C119', '2023-08-22 21:11:34', 1),
	(565, 2, NULL, 9, 'F426-5778-ABDC-BAEB', '2023-08-22 21:11:34', 1),
	(566, 3, NULL, 1, 'BEFA-0758-3ECB-ED52', '2023-08-22 21:11:34', 1),
	(567, 3, NULL, 1, 'F480-358B-B2D5-1AAD', '2023-08-22 21:11:34', 1),
	(568, 3, NULL, 1, 'E1CC-9CDE-8812-01DB', '2023-08-22 21:11:34', 1),
	(569, 3, NULL, 1, '40DE-A94A-64CC-0440', '2023-08-22 21:11:34', 1),
	(570, 3, NULL, 1, '2F59-071F-B190-FE23', '2023-08-22 21:11:34', 1),
	(571, 3, NULL, 8, '32A6-B3B8-8478-9CDB', '2023-08-22 21:11:34', 1),
	(572, 3, NULL, 8, '6CC8-8156-3EF1-55CA', '2023-08-22 21:11:34', 1),
	(573, 3, NULL, 8, '117B-6984-6662-DA67', '2023-08-22 21:11:34', 1),
	(574, 3, NULL, 8, '570A-92B8-7088-1957', '2023-08-22 21:11:34', 1),
	(575, 3, NULL, 8, 'CAE7-EE4D-6E2E-087B', '2023-08-22 21:11:34', 1),
	(576, 3, NULL, 8, '7E39-EBF9-C082-245A', '2023-08-22 21:11:34', 1),
	(577, 3, NULL, 8, '8E52-BF71-FA4E-265F', '2023-08-22 21:11:34', 1),
	(578, 3, NULL, 8, 'C71D-1EAB-0053-4040', '2023-08-22 21:11:34', 1),
	(579, 3, NULL, 8, '825C-619C-F466-B1B8', '2023-08-22 21:11:34', 1),
	(580, 4, NULL, 1, '9084-A375-A116-0642', '2023-08-22 21:11:34', 1),
	(581, 6, NULL, 1, 'F4DE-2724-4053-9ED5', '2023-08-22 21:11:34', 1),
	(582, 6, NULL, 1, '0C3F-E1AF-0FA0-878F', '2023-08-22 21:11:34', 1),
	(583, 6, NULL, 1, '3D91-1B47-E73B-B44E', '2023-08-22 21:11:34', 1),
	(584, 6, NULL, 1, 'CE45-199D-79AD-0820', '2023-08-22 21:11:34', 1),
	(585, 7, NULL, 1, 'DEDB-9EC6-552B-A955', '2023-08-22 21:11:34', 1),
	(586, 7, NULL, 1, '605A-74BA-4674-7692', '2023-08-22 21:11:34', 1),
	(587, 7, NULL, 1, '0FEA-A014-39DC-29E1', '2023-08-22 21:11:34', 1),
	(588, 7, NULL, 1, '9D3C-A189-C1AA-274C', '2023-08-22 21:11:34', 1),
	(589, 7, NULL, 1, '595F-B87B-F805-1086', '2023-08-22 21:11:34', 1),
	(590, 7, NULL, 1, '494C-A5A0-003B-6251', '2023-08-22 21:11:34', 1),
	(591, 7, NULL, 1, 'D9BA-74FD-07F2-D744', '2023-08-22 21:11:34', 1),
	(592, 7, NULL, 1, 'A513-9236-921D-F79D', '2023-08-22 21:11:34', 1),
	(593, 7, NULL, 1, '5BAE-1359-198B-078B', '2023-08-22 21:11:34', 1),
	(594, 7, NULL, 1, '53CB-B679-C243-6015', '2023-08-22 21:11:34', 1),
	(595, 7, NULL, 1, 'E31A-ABE9-08FE-B206', '2023-08-22 21:11:34', 1),
	(596, 7, NULL, 3, '2FB1-9647-6E51-DF59', '2023-08-22 21:11:34', 1),
	(597, 7, NULL, 3, '94AB-2DB4-FA45-1B65', '2023-08-22 21:11:34', 1),
	(598, 7, NULL, 3, '84EF-BCB6-9F89-E1A1', '2023-08-22 21:11:34', 1),
	(599, 7, NULL, 6, 'EFE1-A960-5A0A-462B', '2023-08-22 21:11:34', 1),
	(600, 7, NULL, 6, 'F6D7-160B-54B0-1806', '2023-08-22 21:11:34', 1),
	(601, 7, NULL, 6, 'E8C1-C411-7DC9-0A42', '2023-08-22 21:11:34', 1),
	(602, 7, NULL, 7, '55D5-7C86-71C7-7B5A', '2023-08-22 21:11:34', 1),
	(603, 7, NULL, 7, '094E-10D7-E257-820A', '2023-08-22 21:11:34', 1),
	(604, 7, NULL, 7, 'A4EF-DDB4-28EA-85A9', '2023-08-22 21:11:34', 1),
	(605, 7, NULL, 7, '7DE3-4A6D-5F4B-C602', '2023-08-22 21:11:34', 1),
	(606, 7, NULL, 8, '0D9F-8A2D-27CF-A23C', '2023-08-22 21:11:34', 1),
	(607, 7, NULL, 8, 'DBC1-DD74-8534-37F7', '2023-08-22 21:11:34', 1),
	(608, 7, NULL, 8, '3C65-84E4-5015-346A', '2023-08-22 21:11:34', 1),
	(609, 7, NULL, 8, '2706-4E21-3FD5-8D40', '2023-08-22 21:11:34', 1),
	(610, 7, NULL, 8, 'CA2A-AB47-C83E-67B7', '2023-08-22 21:11:34', 1),
	(611, 7, NULL, 8, '1A1F-B89D-9C6A-C46B', '2023-08-22 21:11:34', 1),
	(612, 7, NULL, 8, 'C21F-2001-134C-6C91', '2023-08-22 21:11:34', 1),
	(613, 7, NULL, 9, '67E6-8674-5DD6-062E', '2023-08-22 21:11:34', 1),
	(614, 7, NULL, 9, 'F77B-0CB3-D843-9327', '2023-08-22 21:11:34', 1),
	(615, 7, NULL, 9, '79FD-93E4-3121-208C', '2023-08-22 21:11:34', 1),
	(616, 14, NULL, 1, 'FCA9-AABC-0A27-3BBD', '2023-08-22 21:11:34', 1),
	(617, 14, NULL, 1, '02A6-0BD5-0FFE-FD07', '2023-08-22 21:11:34', 1),
	(618, 14, NULL, 1, 'C603-7B4F-7F5B-306F', '2023-08-22 21:11:34', 1),
	(619, 14, NULL, 1, '1385-1B8F-F8C3-D552', '2023-08-22 21:11:34', 1),
	(620, 14, NULL, 1, '0717-0A64-FC9C-A4E7', '2023-08-22 21:11:34', 1),
	(621, 14, NULL, 1, 'DBA8-B8E9-7BD0-A66E', '2023-08-22 21:11:34', 1),
	(622, 14, NULL, 1, '2FBD-7B58-C1F8-85CA', '2023-08-22 21:11:34', 1),
	(623, 14, NULL, 1, '3D0D-32D9-6E7A-2B9B', '2023-08-22 21:11:34', 1),
	(624, 14, NULL, 4, '81DF-9797-184A-B30D', '2023-08-22 21:11:34', 1),
	(625, 14, NULL, 4, 'C4F3-6790-E977-B28C', '2023-08-22 21:11:34', 1),
	(626, 14, NULL, 4, '938F-A0E5-16B8-3A29', '2023-08-22 21:11:34', 1),
	(627, 14, NULL, 4, 'F4FD-212C-E8DB-23C8', '2023-08-22 21:11:34', 1),
	(628, 14, NULL, 4, '0DD7-DA0F-A0B6-8C03', '2023-08-22 21:11:34', 1),
	(629, 14, NULL, 4, '2C49-C035-CE65-001B', '2023-08-22 21:11:34', 1),
	(630, 14, NULL, 4, '9F25-B25F-0D18-2942', '2023-08-22 21:11:34', 1),
	(631, 14, NULL, 4, '51B3-2381-BB17-966B', '2023-08-22 21:11:34', 1),
	(632, 14, NULL, 4, 'DE18-2690-48B1-AE9A', '2023-08-22 21:11:34', 1),
	(633, 14, NULL, 4, 'D5D2-A247-18A7-ACC1', '2023-08-22 21:11:34', 1),
	(634, 14, NULL, 4, '815C-3BE0-14DB-9DBD', '2023-08-22 21:11:34', 1),
	(635, 15, NULL, 5, 'ABA0-718A-FDD7-78DB', '2023-08-22 21:11:34', 1),
	(636, 15, NULL, 5, '3D9C-127E-8BFA-1D1F', '2023-08-22 21:11:34', 1),
	(637, 15, NULL, 5, 'E771-5899-93AB-BA23', '2023-08-22 21:11:34', 1),
	(638, 15, NULL, 5, '2151-BDA4-0127-5758', '2023-08-22 21:11:34', 1),
	(639, 15, NULL, 5, 'BB9A-2391-31D5-466E', '2023-08-22 21:11:34', 1),
	(640, 15, NULL, 5, 'BEFD-C3ED-C7EF-C2F2', '2023-08-22 21:11:34', 1),
	(641, 15, NULL, 5, 'A218-6650-476D-3AE3', '2023-08-22 21:11:34', 1),
	(642, 15, NULL, 5, '5CF3-A190-7874-C2C5', '2023-08-22 21:11:34', 1),
	(643, 15, NULL, 6, '007C-6A36-6536-2AF4', '2023-08-22 21:11:34', 1),
	(644, 15, NULL, 6, 'FBDE-81D7-9072-DCFD', '2023-08-22 21:11:34', 1),
	(645, 15, NULL, 6, 'F5AA-0523-B68F-0AE5', '2023-08-22 21:11:34', 1),
	(646, 15, NULL, 6, '1FAA-4FCF-52F0-E13B', '2023-08-22 21:11:34', 1),
	(647, 15, NULL, 6, '47D9-3C1D-4FA4-5248', '2023-08-22 21:11:34', 1),
	(648, 15, NULL, 6, '7D9E-0F90-2670-8972', '2023-08-22 21:11:34', 1),
	(649, 15, NULL, 6, '709C-A18E-F5DA-9146', '2023-08-22 21:11:34', 1),
	(650, 15, NULL, 6, '9A08-7241-73A1-493D', '2023-08-22 21:11:34', 1),
	(651, 15, NULL, 6, '987F-45E1-D32D-EF62', '2023-08-22 21:11:34', 1),
	(652, 15, NULL, 7, '57C4-F6AB-62A1-CB74', '2023-08-22 21:11:34', 1),
	(653, 15, NULL, 7, 'ADD8-8831-5722-5138', '2023-08-22 21:11:34', 1),
	(654, 15, NULL, 7, '03EA-8D3A-4F26-EA7C', '2023-08-22 21:11:34', 1),
	(655, 15, NULL, 7, 'A6D6-95B8-3ADD-02C3', '2023-08-22 21:11:34', 1),
	(656, 15, NULL, 7, 'AE9C-9CBF-F2EA-867C', '2023-08-22 21:11:34', 1),
	(657, 15, NULL, 8, 'A31C-A565-35C8-512A', '2023-08-22 21:11:34', 1),
	(658, 15, NULL, 8, 'EB99-D205-120C-2705', '2023-08-22 21:11:34', 1),
	(659, 15, NULL, 8, 'C889-E0E8-D604-8586', '2023-08-22 21:11:34', 1),
	(660, 15, NULL, 8, '2311-35B9-457C-AAF9', '2023-08-22 21:11:34', 1),
	(661, 15, NULL, 8, 'C8FF-B255-D1DA-2344', '2023-08-22 21:11:34', 1),
	(662, 15, NULL, 8, 'C893-41CD-3859-3C4B', '2023-08-22 21:11:34', 1),
	(663, 15, NULL, 8, 'C492-4B74-FB7A-3EDC', '2023-08-22 21:11:34', 1),
	(664, 15, NULL, 8, '768D-88CC-C8A6-C9ED', '2023-08-22 21:11:34', 1),
	(665, 15, NULL, 9, 'D5A2-784E-2D0F-B275', '2023-08-22 21:11:34', 1),
	(666, 15, NULL, 9, '1E9C-D0CB-96F9-3F2B', '2023-08-22 21:11:34', 1),
	(667, 15, NULL, 9, 'F49F-6741-8278-8785', '2023-08-22 21:11:34', 1),
	(668, 17, NULL, 4, '5607-3032-D2FD-0A38', '2023-08-22 21:11:34', 1),
	(669, 17, NULL, 4, '96C0-4F84-7E6D-332F', '2023-08-22 21:11:34', 1),
	(670, 17, NULL, 4, '6F77-10AA-39DE-A851', '2023-08-22 21:11:34', 1),
	(671, 17, NULL, 4, '8E0E-58BF-60B6-6577', '2023-08-22 21:11:34', 1),
	(672, 17, NULL, 4, '34B7-3535-643F-158D', '2023-08-22 21:11:34', 1),
	(673, 17, NULL, 4, '6410-C82F-69D9-4593', '2023-08-22 21:11:34', 1),
	(674, 17, NULL, 6, '34DC-8497-0D69-502F', '2023-08-22 21:11:34', 1),
	(675, 17, NULL, 6, 'F9D2-239B-C610-7F29', '2023-08-22 21:11:34', 1),
	(676, 17, NULL, 6, '1C12-C63A-4FBB-2FDE', '2023-08-22 21:11:34', 1),
	(677, 17, NULL, 6, '391E-54AB-F0B6-6A78', '2023-08-22 21:11:34', 1),
	(678, 17, NULL, 6, 'ACAF-AE1E-1BF2-8089', '2023-08-22 21:11:34', 1),
	(679, 17, NULL, 7, 'E86A-07AA-BE3E-BB6B', '2023-08-22 21:11:34', 1),
	(680, 17, NULL, 7, 'A248-D515-9504-B971', '2023-08-22 21:11:34', 1),
	(681, 17, NULL, 7, '9AEF-48CF-AD39-D947', '2023-08-22 21:11:34', 1),
	(682, 17, NULL, 7, 'E4F5-F0C3-F2F5-77F8', '2023-08-22 21:11:34', 1),
	(683, 17, NULL, 7, 'F458-9BB0-C98B-947D', '2023-08-22 21:11:34', 1),
	(684, 17, NULL, 8, 'FCD3-916C-AAF1-618D', '2023-08-22 21:11:34', 1),
	(685, 17, NULL, 8, '2D08-F9C6-985C-252A', '2023-08-22 21:11:34', 1),
	(686, 17, NULL, 9, '4149-5DBE-E59B-3C66', '2023-08-22 21:11:34', 1),
	(687, 17, NULL, 9, '076B-3D5A-F9C1-989D', '2023-08-22 21:11:34', 1),
	(688, 17, NULL, 9, 'C7B6-9A4B-7FBF-7ECC', '2023-08-22 21:11:34', 1),
	(689, 17, NULL, 9, '7385-8D44-B934-0E85', '2023-08-22 21:11:34', 1),
	(690, 17, NULL, 9, 'F110-815B-083B-7EA6', '2023-08-22 21:11:34', 1),
	(691, 17, NULL, 9, 'DC22-551A-063A-2E6C', '2023-08-22 21:11:34', 1),
	(692, 17, NULL, 9, '35B1-B745-C2EA-86C9', '2023-08-22 21:11:34', 1),
	(693, 18, NULL, 8, '68C4-855F-3001-371E', '2023-08-22 21:11:34', 1),
	(694, 18, NULL, 8, '1203-09DA-8D1D-BE1D', '2023-08-22 21:11:34', 1),
	(695, 18, NULL, 8, '24B7-A2CA-607D-F32F', '2023-08-22 21:11:34', 1),
	(696, 18, NULL, 8, '6CAA-C05E-6C87-9E31', '2023-08-22 21:11:34', 1),
	(697, 18, NULL, 8, '023C-F612-31E6-564F', '2023-08-22 21:11:34', 1),
	(698, 18, NULL, 8, '50CA-AC1C-532C-E628', '2023-08-22 21:11:34', 1),
	(699, 19, NULL, 1, 'DAAC-D3F3-4ABF-8586', '2023-08-22 21:11:34', 1),
	(700, 19, NULL, 1, '8105-D09D-2FEA-7198', '2023-08-22 21:11:34', 1),
	(701, 19, NULL, 4, '662A-E6B4-8575-0EC8', '2023-08-22 21:11:34', 1),
	(702, 19, NULL, 4, '6381-4775-05D9-37D5', '2023-08-22 21:11:34', 1),
	(703, 19, NULL, 4, '2E43-F1CB-601F-C7EC', '2023-08-22 21:11:34', 1),
	(704, 19, NULL, 4, '7C5E-7E3F-83A2-1EEB', '2023-08-22 21:11:34', 1),
	(705, 19, NULL, 4, 'D3AB-29AA-8F45-EAB6', '2023-08-22 21:11:34', 1),
	(706, 19, NULL, 4, '2594-9F3F-3177-B2C9', '2023-08-22 21:11:34', 1),
	(707, 19, NULL, 6, '569F-092A-899B-38C0', '2023-08-22 21:11:34', 1),
	(708, 19, NULL, 6, '3494-A527-B6EA-AEA3', '2023-08-22 21:11:34', 1),
	(709, 19, NULL, 7, '2AFB-8CA6-4E59-549B', '2023-08-22 21:11:34', 1),
	(710, 19, NULL, 7, '5595-3442-5B5B-4CE8', '2023-08-22 21:11:34', 1),
	(711, 19, NULL, 7, '4AC4-0A44-BBA9-C4AF', '2023-08-22 21:11:34', 1),
	(712, 19, NULL, 7, '1BC8-0BAB-2F59-8724', '2023-08-22 21:11:34', 1),
	(713, 19, NULL, 8, '8829-DD1A-A34E-B879', '2023-08-22 21:11:34', 1),
	(714, 19, NULL, 8, 'A51E-10C3-76C3-8E72', '2023-08-22 21:11:34', 1),
	(715, 19, NULL, 9, '0DDE-ACDC-B255-5156', '2023-08-22 21:11:34', 1),
	(716, 19, NULL, 9, '3F28-BE29-A3C5-FBEF', '2023-08-22 21:11:34', 1),
	(717, 19, NULL, 9, 'C97B-C5B1-EB80-C43B', '2023-08-22 21:11:34', 1),
	(718, 19, NULL, 9, '6D68-D932-E844-195C', '2023-08-22 21:11:34', 1),
	(719, 19, NULL, 9, '4562-A0C3-995F-B10B', '2023-08-22 21:11:34', 1),
	(720, 20, NULL, 3, 'D486-DF01-25DE-233E', '2023-08-22 21:11:34', 1),
	(721, 20, NULL, 3, 'ABE0-59C8-8FAC-C255', '2023-08-22 21:11:34', 1),
	(722, 20, NULL, 3, '5EBF-4245-30DB-3006', '2023-08-22 21:11:34', 1),
	(723, 20, NULL, 3, '5C9D-7EED-3381-265E', '2023-08-22 21:11:34', 1),
	(724, 20, NULL, 3, 'A2C4-9683-7CE0-20EB', '2023-08-22 21:11:34', 1),
	(725, 20, NULL, 3, '9BBC-9540-B4F0-140B', '2023-08-22 21:11:34', 1),
	(726, 20, NULL, 3, '2A76-6A7D-9128-C0B8', '2023-08-22 21:11:34', 1),
	(727, 20, NULL, 3, '5A7D-77C7-AB1E-F7D8', '2023-08-22 21:11:34', 1),
	(728, 20, NULL, 3, '9A2D-87DC-FAAB-9861', '2023-08-22 21:11:34', 1),
	(729, 20, NULL, 3, '17EB-46A0-4FC7-0946', '2023-08-22 21:11:34', 1),
	(730, 20, NULL, 3, '275A-923C-662F-7170', '2023-08-22 21:11:34', 1),
	(731, 20, NULL, 3, '2FCC-6178-24D1-ACD0', '2023-08-22 21:11:34', 1),
	(732, 20, NULL, 3, '32C6-288F-2B87-8B40', '2023-08-22 21:11:34', 1),
	(733, 20, NULL, 7, '9DC8-9D02-F30E-10C8', '2023-08-22 21:11:34', 1),
	(734, 20, NULL, 7, 'E2C1-851A-C8E9-1B0D', '2023-08-22 21:11:34', 1),
	(735, 20, NULL, 7, 'EADA-6D76-B8FC-4732', '2023-08-22 21:11:34', 1),
	(736, 20, NULL, 7, 'AF4D-7D0A-A6A6-2874', '2023-08-22 21:11:34', 1),
	(737, 20, NULL, 7, 'DA93-9849-1309-DBB4', '2023-08-22 21:11:34', 1),
	(738, 20, NULL, 7, 'A6E3-FE6F-804A-DD83', '2023-08-22 21:11:34', 1),
	(739, 20, NULL, 8, 'BD00-3454-19C0-C6BD', '2023-08-22 21:11:34', 1),
	(740, 20, NULL, 8, 'A2E6-4609-F0DF-7524', '2023-08-22 21:11:34', 1),
	(741, 21, NULL, 3, 'B646-03EA-43D1-81CA', '2023-08-22 21:11:34', 1),
	(742, 21, NULL, 3, '09AE-B243-E5E2-6926', '2023-08-22 21:11:34', 1),
	(743, 21, NULL, 3, '81EF-5A10-1D15-2B57', '2023-08-22 21:11:34', 1),
	(744, 21, NULL, 3, '9248-0E44-B7EB-AEB5', '2023-08-22 21:11:34', 1),
	(745, 21, NULL, 3, 'EC79-8020-06D2-483B', '2023-08-22 21:11:34', 1),
	(746, 21, NULL, 3, '3D2A-4898-53AC-4185', '2023-08-22 21:11:34', 1),
	(747, 21, NULL, 6, '3DD8-5E94-2CE6-F4C8', '2023-08-22 21:11:34', 1),
	(748, 21, NULL, 6, '02C6-9D16-9916-D5A8', '2023-08-22 21:11:34', 1),
	(749, 21, NULL, 6, '1365-5D00-931A-3A8F', '2023-08-22 21:11:34', 1),
	(750, 21, NULL, 6, 'C9BA-90FD-E1A9-FB8E', '2023-08-22 21:11:34', 1),
	(751, 21, NULL, 6, '5F5B-95D9-34BF-408A', '2023-08-22 21:11:34', 1),
	(752, 21, NULL, 6, '5042-268D-A807-3BD7', '2023-08-22 21:11:34', 1),
	(753, 21, NULL, 6, 'EDCB-EF58-DAC9-C2FE', '2023-08-22 21:11:34', 1),
	(754, 21, NULL, 6, 'B64E-7085-1DAC-DD8F', '2023-08-22 21:11:34', 1),
	(755, 21, NULL, 6, '1583-238F-9503-0759', '2023-08-22 21:11:34', 1),
	(756, 21, NULL, 6, 'A790-BCD7-95F8-32BA', '2023-08-22 21:11:34', 1),
	(757, 21, NULL, 6, 'D9CB-E6E6-D7EE-AF52', '2023-08-22 21:11:34', 1),
	(758, 21, NULL, 6, '240C-B6E4-CDE8-823E', '2023-08-22 21:11:34', 1),
	(759, 21, NULL, 6, '5F07-0D6E-5224-B12F', '2023-08-22 21:11:34', 1),
	(760, 21, NULL, 6, '4D60-EB74-5A3C-F723', '2023-08-22 21:11:34', 1),
	(761, 21, NULL, 7, '3317-BD78-90AB-3737', '2023-08-22 21:11:34', 1),
	(762, 21, NULL, 7, '4C89-C29B-EF84-678A', '2023-08-22 21:11:34', 1),
	(763, 21, NULL, 7, '52ED-9134-0113-0791', '2023-08-22 21:11:34', 1),
	(764, 21, NULL, 8, '3DAF-44A0-A286-17C9', '2023-08-22 21:11:34', 1),
	(765, 21, NULL, 8, 'ED36-3A3A-3CF2-5ECE', '2023-08-22 21:11:34', 1),
	(766, 21, NULL, 8, '042A-FAFE-198E-3509', '2023-08-22 21:11:34', 1),
	(767, 21, NULL, 8, '7581-6F8C-E9A0-B796', '2023-08-22 21:11:34', 1),
	(768, 21, NULL, 9, '211E-00E1-69E8-3CC1', '2023-08-22 21:11:34', 1),
	(769, 22, NULL, 1, '75FA-B21E-4ABD-D31F', '2023-08-22 21:11:34', 1),
	(770, 22, NULL, 1, 'DF11-A264-F812-A3A8', '2023-08-22 21:11:34', 1),
	(771, 22, NULL, 1, '6E69-0585-6DF4-F900', '2023-08-22 21:11:34', 1),
	(772, 22, NULL, 1, 'DE40-B27E-D122-5EA0', '2023-08-22 21:11:34', 1),
	(773, 22, NULL, 2, '16B9-2A9F-A5EA-FBE2', '2023-08-22 21:11:34', 1),
	(774, 22, NULL, 2, '7C87-8910-DDEA-2849', '2023-08-22 21:11:34', 1),
	(775, 22, NULL, 2, '7552-C6CA-0D5E-75C4', '2023-08-22 21:11:34', 1),
	(776, 22, NULL, 4, '64A5-E74B-2344-1446', '2023-08-22 21:11:34', 1),
	(777, 22, NULL, 4, '5335-365A-C073-4339', '2023-08-22 21:11:34', 1),
	(778, 22, NULL, 4, '7C4D-C040-C178-98AB', '2023-08-22 21:11:34', 1),
	(779, 22, NULL, 4, 'E624-7208-24E6-D597', '2023-08-22 21:11:34', 1),
	(780, 22, NULL, 7, '7001-1E1E-0FA3-399F', '2023-08-22 21:11:34', 1),
	(781, 22, NULL, 7, '2B7A-906A-E19B-F5D7', '2023-08-22 21:11:34', 1),
	(782, 22, NULL, 7, '3777-EA5F-0DD9-824F', '2023-08-22 21:11:34', 1),
	(783, 22, NULL, 7, '5473-330F-EFFF-028E', '2023-08-22 21:11:34', 1),
	(784, 22, NULL, 8, '5554-1680-53EB-42CB', '2023-08-22 21:11:34', 1),
	(785, 22, NULL, 8, '917B-C730-4F56-263F', '2023-08-22 21:11:34', 1),
	(786, 22, NULL, 8, 'E949-4713-22D4-9EC2', '2023-08-22 21:11:34', 1),
	(787, 23, NULL, 1, '7A86-FC07-841C-4300', '2023-08-22 21:11:34', 1),
	(788, 23, NULL, 1, '217D-4D2F-CEED-4B9D', '2023-08-22 21:11:34', 1),
	(789, 23, NULL, 1, '1312-0EA5-B457-7145', '2023-08-22 21:11:34', 1),
	(790, 23, NULL, 1, '1A6C-E5DC-4587-256E', '2023-08-22 21:11:34', 1),
	(791, 23, NULL, 1, 'E03E-389B-2A07-E851', '2023-08-22 21:11:34', 1),
	(792, 23, NULL, 1, '0DF2-5304-B0B8-1F6E', '2023-08-22 21:11:34', 1),
	(793, 23, NULL, 2, 'C993-B20C-CB89-8D4B', '2023-08-22 21:11:34', 1),
	(794, 23, NULL, 2, '0D42-40D7-0ED2-6CCA', '2023-08-22 21:11:34', 1),
	(795, 23, NULL, 2, '6B44-36D0-33D8-FF57', '2023-08-22 21:11:34', 1),
	(796, 23, NULL, 2, 'A808-B3AC-FA67-5F3D', '2023-08-22 21:11:34', 1),
	(797, 23, NULL, 2, 'F1A5-82EE-BB57-2A14', '2023-08-22 21:11:34', 1),
	(798, 23, NULL, 4, '5A87-3541-68C6-963F', '2023-08-22 21:11:34', 1),
	(799, 23, NULL, 4, 'CD49-EF5A-4AE2-6456', '2023-08-22 21:11:34', 1),
	(800, 23, NULL, 4, '9CBF-053A-BF59-FA22', '2023-08-22 21:11:34', 1),
	(801, 23, NULL, 4, 'B067-F3DF-CF0D-178C', '2023-08-22 21:11:34', 1),
	(802, 23, NULL, 4, '18DA-F5FF-09BB-E8E7', '2023-08-22 21:11:34', 1),
	(803, 23, NULL, 4, '852F-670E-4E8B-7445', '2023-08-22 21:11:34', 1),
	(804, 23, NULL, 6, '33A3-F8F4-ECF6-1388', '2023-08-22 21:11:34', 1),
	(805, 23, NULL, 6, 'AF42-4245-2553-1344', '2023-08-22 21:11:34', 1),
	(806, 23, NULL, 6, '0CA1-3F87-E1C2-211C', '2023-08-22 21:11:34', 1),
	(807, 23, NULL, 6, '15C1-77BB-AA02-3CA7', '2023-08-22 21:11:34', 1),
	(808, 23, NULL, 6, '8B57-3968-4D23-86DA', '2023-08-22 21:11:34', 1),
	(809, 23, NULL, 6, '7632-9DAC-29AF-5FE2', '2023-08-22 21:11:34', 1),
	(810, 23, NULL, 7, 'D573-F1D0-FACB-69DB', '2023-08-22 21:11:34', 1),
	(811, 23, NULL, 7, '8B68-24D2-1485-586E', '2023-08-22 21:11:34', 1),
	(812, 23, NULL, 7, '95B6-B4E7-8794-0B7B', '2023-08-22 21:11:34', 1),
	(813, 23, NULL, 7, 'B89B-9BC1-45AC-5C3B', '2023-08-22 21:11:34', 1),
	(814, 23, NULL, 8, 'CE59-3D65-185F-30B9', '2023-08-22 21:11:34', 1),
	(815, 23, NULL, 8, 'CCC8-9276-E66C-4707', '2023-08-22 21:11:34', 1),
	(816, 23, NULL, 8, '806E-95E6-7FFA-7F05', '2023-08-22 21:11:34', 1),
	(817, 23, NULL, 8, '2DD5-9F56-20BE-C6A9', '2023-08-22 21:11:34', 1),
	(818, 23, NULL, 8, '526D-E88A-9757-F0CA', '2023-08-22 21:11:34', 1),
	(819, 23, NULL, 8, '95F5-EF2C-97C2-DB83', '2023-08-22 21:11:34', 1),
	(820, 23, NULL, 9, '5E34-226B-D61B-FCCE', '2023-08-22 21:11:34', 1),
	(821, 23, NULL, 9, '14C1-7AE7-7DB9-A8AD', '2023-08-22 21:11:34', 1),
	(822, 24, NULL, 1, 'D479-D173-2E2C-ABCE', '2023-08-22 21:11:34', 1),
	(823, 24, NULL, 1, 'FB65-BF37-696F-B00F', '2023-08-22 21:11:34', 1),
	(824, 24, NULL, 1, '08EB-DAE0-457E-BA75', '2023-08-22 21:11:34', 1),
	(825, 24, NULL, 1, 'D0FD-4123-3D4E-F49D', '2023-08-22 21:11:34', 1),
	(826, 24, NULL, 1, '92B0-C064-1AAE-0B2E', '2023-08-22 21:11:34', 1),
	(827, 24, NULL, 1, '7849-24BD-4494-93BF', '2023-08-22 21:11:34', 1),
	(828, 24, NULL, 1, '6EA2-29EB-5348-3AC2', '2023-08-22 21:11:34', 1),
	(829, 24, NULL, 1, 'F212-94E7-937F-4CA9', '2023-08-22 21:11:34', 1),
	(830, 24, NULL, 1, '2EA3-BEAE-D524-BB5A', '2023-08-22 21:11:34', 1),
	(831, 24, NULL, 2, '86D5-74F1-45C6-7DE9', '2023-08-22 21:11:34', 1),
	(832, 24, NULL, 2, '61CB-EA6F-69A5-B22C', '2023-08-22 21:11:34', 1),
	(833, 24, NULL, 2, '4AB3-B4B5-B4BF-59C0', '2023-08-22 21:11:34', 1),
	(834, 24, NULL, 2, '32B6-0ABC-8B33-1C7A', '2023-08-22 21:11:34', 1),
	(835, 24, NULL, 2, 'F966-AC88-5B55-E606', '2023-08-22 21:11:34', 1),
	(836, 24, NULL, 2, 'E5CB-BFFE-9C26-A926', '2023-08-22 21:11:34', 1),
	(837, 24, NULL, 2, 'A09F-E056-56C7-DD43', '2023-08-22 21:11:34', 1),
	(838, 24, NULL, 6, 'E093-418A-2C79-EE9A', '2023-08-22 21:11:34', 1),
	(839, 24, NULL, 6, '5AAD-B829-52AD-B207', '2023-08-22 21:11:34', 1),
	(840, 24, NULL, 6, '2209-53A1-D0B2-9A92', '2023-08-22 21:11:34', 1),
	(841, 24, NULL, 6, '2CAB-0412-700D-135A', '2023-08-22 21:11:34', 1),
	(842, 24, NULL, 7, '2FD5-FF3F-06F8-0221', '2023-08-22 21:11:34', 1),
	(843, 24, NULL, 7, '42B8-4BCE-0D3B-FD8D', '2023-08-22 21:11:34', 1),
	(844, 24, NULL, 7, 'B9F1-9C28-2566-6D7D', '2023-08-22 21:11:34', 1),
	(845, 24, NULL, 7, '2C27-B2F4-3701-03C9', '2023-08-22 21:11:34', 1),
	(846, 24, NULL, 7, '5F02-20C5-6B8C-778F', '2023-08-22 21:11:34', 1),
	(847, 24, NULL, 8, '15D0-9340-FECF-98D0', '2023-08-22 21:11:34', 1),
	(848, 24, NULL, 8, '87CE-F255-76EC-2A3F', '2023-08-22 21:11:34', 1),
	(849, 24, NULL, 8, '5927-ED31-164C-1FFD', '2023-08-22 21:11:34', 1),
	(850, 24, NULL, 8, '076E-DE67-7141-45E9', '2023-08-22 21:11:34', 1),
	(851, 24, NULL, 8, '55D0-A844-A806-7F76', '2023-08-22 21:11:34', 1),
	(852, 24, NULL, 8, '1DCF-D4C1-F6BD-E597', '2023-08-22 21:11:34', 1),
	(853, 24, NULL, 8, 'B0FE-EF27-431F-6BB7', '2023-08-22 21:11:34', 1),
	(854, 24, NULL, 8, 'EEF6-563A-F0CC-BF6A', '2023-08-22 21:11:34', 1),
	(855, 24, NULL, 8, 'F719-8DF8-A0AD-D807', '2023-08-22 21:11:34', 1),
	(856, 24, NULL, 8, '075E-DF9D-7D36-2DA9', '2023-08-22 21:11:34', 1),
	(857, 24, NULL, 8, 'AACE-73F6-FDFA-8953', '2023-08-22 21:11:34', 1),
	(858, 24, NULL, 8, '5F43-0E7C-8C6E-4890', '2023-08-22 21:11:34', 1),
	(859, 24, NULL, 8, 'E73A-5F32-2D4F-3565', '2023-08-22 21:11:34', 1),
	(860, 24, NULL, 8, '33F3-7445-EDC8-F8F5', '2023-08-22 21:11:34', 1),
	(861, 24, NULL, 8, '1EC8-27DD-B6B0-4862', '2023-08-22 21:11:34', 1),
	(862, 24, NULL, 9, '2C31-D0DB-ABCA-28D8', '2023-08-22 21:11:34', 1),
	(863, 24, NULL, 9, '7EAA-7EFD-09E0-B76A', '2023-08-22 21:11:34', 1),
	(864, 24, NULL, 9, '7BBA-60E0-3816-D87B', '2023-08-22 21:11:34', 1),
	(865, 24, NULL, 9, '2A08-6520-BA57-8060', '2023-08-22 21:11:34', 1),
	(866, 24, NULL, 9, 'DE8D-B1CD-E9BC-D5BA', '2023-08-22 21:11:34', 1),
	(867, 24, NULL, 9, 'CC55-0AFA-F837-EE10', '2023-08-22 21:11:34', 1),
	(868, 25, NULL, 1, '7E6A-717A-51F6-BB13', '2023-08-22 21:11:34', 1),
	(869, 25, NULL, 1, '8FA0-EA70-4A82-D848', '2023-08-22 21:11:34', 1),
	(870, 25, NULL, 1, 'AA3A-8C9B-50C8-8E4C', '2023-08-22 21:11:34', 1),
	(871, 25, NULL, 1, 'E583-23C3-9E4E-2B65', '2023-08-22 21:11:34', 1),
	(872, 25, NULL, 1, '4119-4D68-4D85-7283', '2023-08-22 21:11:34', 1),
	(873, 25, NULL, 1, '5CB6-0675-99C4-2F73', '2023-08-22 21:11:34', 1),
	(874, 25, NULL, 1, '9678-3522-9555-CFED', '2023-08-22 21:11:34', 1),
	(875, 25, NULL, 1, '1C67-09ED-99A0-1621', '2023-08-22 21:11:34', 1),
	(876, 25, NULL, 1, 'FC93-0074-7CEE-2432', '2023-08-22 21:11:34', 1),
	(877, 25, NULL, 1, '2991-1CC2-CBC0-E2A4', '2023-08-22 21:11:34', 1),
	(878, 25, NULL, 2, 'D3C5-DC2F-D271-04C0', '2023-08-22 21:11:34', 1),
	(879, 25, NULL, 2, 'FBF9-A36F-B07D-B5DF', '2023-08-22 21:11:34', 1),
	(880, 25, NULL, 2, 'A08D-C5CC-A422-6965', '2023-08-22 21:11:34', 1),
	(881, 25, NULL, 4, '9D00-A3E5-4EE7-963F', '2023-08-22 21:11:34', 1),
	(882, 25, NULL, 4, 'FDC0-158B-A71F-249D', '2023-08-22 21:11:34', 1),
	(883, 25, NULL, 4, '3162-3132-68CA-9A69', '2023-08-22 21:11:34', 1),
	(884, 25, NULL, 6, '45F9-E1E0-7A6C-36BE', '2023-08-22 21:11:34', 1),
	(885, 25, NULL, 6, '2425-1605-B0EB-DD12', '2023-08-22 21:11:34', 1),
	(886, 25, NULL, 6, '8352-D60D-A49A-92B3', '2023-08-22 21:11:34', 1),
	(887, 25, NULL, 6, '9692-944C-A1EE-529D', '2023-08-22 21:11:34', 1),
	(888, 25, NULL, 6, 'CCBC-E1A8-B0BE-7902', '2023-08-22 21:11:34', 1),
	(889, 25, NULL, 6, '34B2-F1E2-FD54-8E41', '2023-08-22 21:11:34', 1),
	(890, 25, NULL, 6, 'DFAD-A8ED-564E-B327', '2023-08-22 21:11:34', 1),
	(891, 25, NULL, 7, '539E-5EB1-1CED-2123', '2023-08-22 21:11:34', 1),
	(892, 25, NULL, 7, '856F-7BC1-301F-87B3', '2023-08-22 21:11:34', 1),
	(893, 25, NULL, 7, '9B5B-9330-E55F-0060', '2023-08-22 21:11:34', 1),
	(894, 25, NULL, 7, '74AA-E632-D9A8-50FA', '2023-08-22 21:11:34', 1),
	(895, 25, NULL, 7, 'A224-EBB6-B9E9-C9A2', '2023-08-22 21:11:34', 1),
	(896, 25, NULL, 7, 'E3EA-C55E-8971-16FE', '2023-08-22 21:11:34', 1),
	(897, 25, NULL, 7, '68A1-3242-702C-F7BE', '2023-08-22 21:11:34', 1),
	(898, 25, NULL, 7, '1EEB-C8AF-BD27-BC13', '2023-08-22 21:11:34', 1),
	(899, 25, NULL, 7, '2ECF-0CB7-A38A-4FCF', '2023-08-22 21:11:34', 1),
	(900, 25, NULL, 7, '0B1D-139D-AA4C-3F26', '2023-08-22 21:11:34', 1),
	(901, 25, NULL, 7, 'BD5D-336B-59C6-4F63', '2023-08-22 21:11:34', 1),
	(902, 25, NULL, 7, '9BD5-81EA-21A8-CFF8', '2023-08-22 21:11:34', 1),
	(903, 25, NULL, 8, 'F76A-0316-D333-49C3', '2023-08-22 21:11:34', 1),
	(904, 25, NULL, 8, 'B10E-6E6B-D671-D4A8', '2023-08-22 21:11:34', 1),
	(905, 25, NULL, 8, 'EEA0-0429-B3D3-D487', '2023-08-22 21:11:34', 1),
	(906, 25, NULL, 9, '8ECE-7F06-83F2-540F', '2023-08-22 21:11:34', 1),
	(907, 25, NULL, 9, 'D627-98EA-AB3D-F5FD', '2023-08-22 21:11:34', 1),
	(908, 25, NULL, 9, 'BEFF-5429-7E87-6742', '2023-08-22 21:11:34', 1),
	(909, 25, NULL, 9, '1B99-B4B0-D45B-1844', '2023-08-22 21:11:34', 1),
	(910, 25, NULL, 9, '0575-34B8-CD02-63A1', '2023-08-22 21:11:34', 1),
	(911, 25, NULL, 9, '11D1-18C7-82A1-682B', '2023-08-22 21:11:34', 1),
	(912, 25, NULL, 9, '428F-2BDE-4231-D43B', '2023-08-22 21:11:34', 1),
	(913, 25, NULL, 9, 'E761-EAC0-5870-A881', '2023-08-22 21:11:34', 1),
	(914, 25, NULL, 9, '6407-7004-F304-E55C', '2023-08-22 21:11:34', 1),
	(915, 25, NULL, 9, '2D04-84B3-BE19-5C95', '2023-08-22 21:11:34', 1),
	(916, 25, NULL, 9, 'CA03-7A61-87F6-DC15', '2023-08-22 21:11:34', 1),
	(917, 26, NULL, 1, '84B7-C504-81F0-A830', '2023-08-22 21:11:34', 1),
	(918, 26, NULL, 1, '5E77-8E2E-DB94-7C20', '2023-08-22 21:11:34', 1),
	(919, 26, NULL, 1, '667F-FD92-9083-F8DD', '2023-08-22 21:11:34', 1),
	(920, 26, NULL, 1, 'F53A-6F50-7DED-FA4C', '2023-08-22 21:11:34', 1),
	(921, 26, NULL, 2, '8A1F-B1B5-5244-86E5', '2023-08-22 21:11:34', 1),
	(922, 26, NULL, 2, '801A-BB82-0EC7-AFBE', '2023-08-22 21:11:34', 1),
	(923, 26, NULL, 6, 'D4CE-E6F6-672C-394D', '2023-08-22 21:11:34', 1),
	(924, 26, NULL, 6, '0712-9BD6-16E2-D993', '2023-08-22 21:11:34', 1),
	(925, 26, NULL, 6, '0190-E021-ADCE-91C9', '2023-08-22 21:11:34', 1),
	(926, 26, NULL, 6, 'D8B1-42DF-207D-6842', '2023-08-22 21:11:34', 1),
	(927, 26, NULL, 6, 'A376-729D-9775-4E97', '2023-08-22 21:11:34', 1),
	(928, 26, NULL, 6, '2DD2-EF9A-C999-29A0', '2023-08-22 21:11:34', 1),
	(929, 26, NULL, 6, 'C4D1-4844-CD92-86EA', '2023-08-22 21:11:34', 1),
	(930, 26, NULL, 6, '8A25-50BC-DF2D-FEFC', '2023-08-22 21:11:34', 1),
	(931, 26, NULL, 6, '2049-90D3-F8B4-B82C', '2023-08-22 21:11:34', 1),
	(932, 26, NULL, 7, '6E5E-4B1F-9D99-35CD', '2023-08-22 21:11:34', 1),
	(933, 26, NULL, 7, 'E79B-ECC2-19F9-4D17', '2023-08-22 21:11:34', 1),
	(934, 26, NULL, 7, '8787-56BE-483A-900D', '2023-08-22 21:11:34', 1),
	(935, 26, NULL, 7, '258F-3430-D935-1DB4', '2023-08-22 21:11:34', 1),
	(936, 26, NULL, 8, 'CA41-B325-B204-F401', '2023-08-22 21:11:34', 1),
	(937, 26, NULL, 8, 'D2F3-A203-DBB9-AD6A', '2023-08-22 21:11:34', 1),
	(938, 26, NULL, 8, '05BF-2BB6-5DD0-9D14', '2023-08-22 21:11:34', 1),
	(939, 26, NULL, 8, '8099-A49F-AA7A-1F29', '2023-08-22 21:11:34', 1),
	(940, 26, NULL, 8, 'F209-2744-5A4E-603D', '2023-08-22 21:11:34', 1),
	(941, 26, NULL, 8, '1482-601F-C166-90DF', '2023-08-22 21:11:34', 1),
	(942, 26, NULL, 8, 'A475-9088-E273-FB99', '2023-08-22 21:11:34', 1),
	(943, 26, NULL, 9, 'F9D2-E67D-9D9F-7753', '2023-08-22 21:11:34', 1),
	(944, 27, NULL, 1, '363A-04D6-E0EF-E928', '2023-08-22 21:11:34', 1),
	(945, 27, NULL, 1, 'E94C-2ADD-72F5-72CC', '2023-08-22 21:11:34', 1),
	(946, 27, NULL, 4, '6A3F-708A-F4A0-A7EA', '2023-08-22 21:11:34', 1),
	(947, 27, NULL, 4, '5E38-DACB-E6F7-DD35', '2023-08-22 21:11:34', 1),
	(948, 27, NULL, 4, '0433-BA08-920B-3427', '2023-08-22 21:11:34', 1),
	(949, 27, NULL, 4, 'A2E8-6519-08D8-0FAD', '2023-08-22 21:11:34', 1),
	(950, 27, NULL, 4, '6492-9257-4D35-689C', '2023-08-22 21:11:34', 1),
	(951, 27, NULL, 4, 'E640-1F76-A6DE-588B', '2023-08-22 21:11:34', 1),
	(952, 27, NULL, 4, '0DDE-FC46-F58D-CD5D', '2023-08-22 21:11:34', 1),
	(953, 27, NULL, 6, 'D80D-1D64-C8F8-FDE4', '2023-08-22 21:11:34', 1),
	(954, 27, NULL, 6, '7A9A-AF67-A2D8-D1B8', '2023-08-22 21:11:34', 1),
	(955, 27, NULL, 6, '5116-EC1A-9C20-EE93', '2023-08-22 21:11:34', 1),
	(956, 27, NULL, 6, 'C8BD-C260-7DCF-3F5A', '2023-08-22 21:11:34', 1),
	(957, 27, NULL, 9, 'E114-337A-480D-6334', '2023-08-22 21:11:34', 1),
	(958, 27, NULL, 9, '3AEB-646C-1C0E-577A', '2023-08-22 21:11:34', 1),
	(959, 27, NULL, 9, '2F5F-326B-6373-C328', '2023-08-22 21:11:34', 1),
	(960, 27, NULL, 9, '01C5-24BB-F9DA-0219', '2023-08-22 21:11:34', 1),
	(961, 27, NULL, 9, 'AECB-6256-F55B-AC86', '2023-08-22 21:11:34', 1),
	(962, 27, NULL, 9, 'BDC0-F39E-BE2A-A76B', '2023-08-22 21:11:34', 1),
	(963, 27, NULL, 9, '07D5-DCD2-BECA-D823', '2023-08-22 21:11:34', 1),
	(964, 27, NULL, 9, '0CD8-3EAE-BF4E-82FC', '2023-08-22 21:11:34', 1),
	(965, 28, NULL, 1, '59CC-A53A-1057-9E29', '2023-08-22 21:11:34', 1),
	(966, 28, NULL, 1, 'F7E9-E0D4-C2BA-E30D', '2023-08-22 21:11:34', 1),
	(967, 28, NULL, 1, 'E85C-E5E7-39CC-1F7F', '2023-08-22 21:11:34', 1),
	(968, 28, NULL, 1, '3FA4-BD43-7DF3-0DEC', '2023-08-22 21:11:34', 1),
	(969, 28, NULL, 1, '306A-D007-D5C9-0B65', '2023-08-22 21:11:34', 1),
	(970, 28, NULL, 1, '046F-CB59-90E8-76E1', '2023-08-22 21:11:34', 1),
	(971, 28, NULL, 6, 'E29D-511E-FEFA-DA2B', '2023-08-22 21:11:34', 1),
	(972, 28, NULL, 7, 'F709-D97E-9F38-BE02', '2023-08-22 21:11:34', 1),
	(973, 28, NULL, 7, 'EC40-72BC-653F-953C', '2023-08-22 21:11:34', 1),
	(974, 28, NULL, 7, '1F74-379C-8D77-7715', '2023-08-22 21:11:34', 1),
	(975, 28, NULL, 7, 'B1D5-34EB-EC36-5FC5', '2023-08-22 21:11:34', 1),
	(976, 28, NULL, 7, '171D-3CA5-EB29-5FED', '2023-08-22 21:11:34', 1),
	(977, 28, NULL, 7, '35B1-24CE-A05A-1F40', '2023-08-22 21:11:34', 1),
	(978, 28, NULL, 7, '099D-C1D0-21EA-3AA0', '2023-08-22 21:11:34', 1),
	(979, 28, NULL, 8, 'D032-6FC1-96DE-99D4', '2023-08-22 21:11:34', 1),
	(980, 28, NULL, 8, '1725-0DB4-0E23-592F', '2023-08-22 21:11:34', 1),
	(981, 28, NULL, 8, 'B52F-35E5-C0ED-072F', '2023-08-22 21:11:34', 1),
	(982, 28, NULL, 8, '5C13-DBBB-8FE5-64BC', '2023-08-22 21:11:34', 1),
	(983, 28, NULL, 8, '6B98-CF3D-0B56-B794', '2023-08-22 21:11:34', 1),
	(984, 28, NULL, 8, '297A-C50C-B848-B63E', '2023-08-22 21:11:34', 1),
	(985, 28, NULL, 9, '54EE-238E-C438-ACAF', '2023-08-22 21:11:34', 1),
	(986, 28, NULL, 9, '16E3-4951-1E4E-1526', '2023-08-22 21:11:34', 1),
	(987, 28, NULL, 9, '6FD3-6A70-AFAF-5D63', '2023-08-22 21:11:34', 1),
	(988, 28, NULL, 9, '7F8D-B853-F9BA-5CEB', '2023-08-22 21:11:34', 1),
	(989, 28, NULL, 9, 'DF01-4EC2-3B2E-1B52', '2023-08-22 21:11:34', 1),
	(990, 28, NULL, 9, 'C269-AB3E-2798-D0B1', '2023-08-22 21:11:34', 1),
	(991, 28, NULL, 9, 'EBB7-8EFD-C812-0924', '2023-08-22 21:11:34', 1),
	(992, 28, NULL, 9, '7B2F-9C98-20E3-EA7A', '2023-08-22 21:11:34', 1),
	(993, 29, NULL, 1, '5DB3-2860-1C38-745C', '2023-08-22 21:11:34', 1),
	(994, 29, NULL, 1, '5711-AF24-BABC-3754', '2023-08-22 21:11:34', 1),
	(995, 29, NULL, 1, 'EE86-14EA-52A1-65E4', '2023-08-22 21:11:34', 1),
	(996, 29, NULL, 1, 'EADB-C958-060F-C78B', '2023-08-22 21:11:34', 1),
	(997, 30, NULL, 1, '0FA0-3961-41DF-1661', '2023-08-22 21:11:34', 1),
	(998, 30, NULL, 1, '5F62-325C-024D-41FA', '2023-08-22 21:11:34', 1),
	(999, 30, NULL, 1, '0E90-FEE3-1D5D-08C0', '2023-08-22 21:11:34', 1),
	(1000, 30, NULL, 1, 'E32E-84D8-4983-89CD', '2023-08-22 21:11:34', 1),
	(1001, 30, NULL, 1, 'A723-21D1-B3DC-E6FB', '2023-08-22 21:11:34', 1),
	(1002, 30, NULL, 1, '1EF2-8870-3D2A-46B4', '2023-08-22 21:11:34', 1),
	(1003, 30, NULL, 1, 'F362-AFBB-135F-91EF', '2023-08-22 21:11:34', 1),
	(1004, 30, NULL, 1, 'BA05-3B1A-322B-DEB6', '2023-08-22 21:11:34', 1),
	(1005, 30, NULL, 1, 'D321-382C-8698-35F2', '2023-08-22 21:11:34', 1),
	(1006, 30, NULL, 1, '8BAA-945D-F39D-6344', '2023-08-22 21:11:34', 1),
	(1007, 30, NULL, 1, '40E8-01BC-C0C9-B331', '2023-08-22 21:11:34', 1),
	(1008, 31, NULL, 1, 'F6EA-7415-C7E1-A62C', '2023-08-22 21:11:34', 1),
	(1009, 31, NULL, 1, '037A-D25A-5049-4A36', '2023-08-22 21:11:34', 1),
	(1010, 31, NULL, 6, 'D173-15DF-3239-71F7', '2023-08-22 21:11:34', 1),
	(1011, 31, NULL, 6, '7115-6961-3C57-7068', '2023-08-22 21:11:34', 1),
	(1012, 31, NULL, 6, 'CC53-EBC1-3284-2E8C', '2023-08-22 21:11:34', 1),
	(1013, 31, NULL, 6, 'CD14-8BE0-71D2-43F0', '2023-08-22 21:11:34', 1),
	(1014, 31, NULL, 6, '76D3-7837-67C4-8A45', '2023-08-22 21:11:34', 1),
	(1015, 31, NULL, 6, '39FF-1714-1649-761E', '2023-08-22 21:11:34', 1),
	(1016, 31, NULL, 6, '9526-3ABA-128A-65A1', '2023-08-22 21:11:34', 1),
	(1017, 31, NULL, 6, '07A6-659B-62C8-A25D', '2023-08-22 21:11:34', 1),
	(1018, 31, NULL, 6, '7F41-3631-D862-4669', '2023-08-22 21:11:34', 1),
	(1019, 31, NULL, 6, '3C4A-0656-1383-6F30', '2023-08-22 21:11:34', 1),
	(1020, 31, NULL, 6, 'C908-F77D-60D7-4B05', '2023-08-22 21:11:34', 1),
	(1021, 31, NULL, 6, '5BBE-6F66-12D2-4CDC', '2023-08-22 21:11:34', 1),
	(1022, 31, NULL, 6, '79F4-D49E-25CA-ED90', '2023-08-22 21:11:34', 1),
	(1023, 31, NULL, 6, '75A3-6349-4F6A-36AD', '2023-08-22 21:11:34', 1),
	(1024, 31, NULL, 7, '75D3-142B-8014-F580', '2023-08-22 21:11:34', 1),
	(1025, 31, NULL, 7, 'EC8F-0D1F-2FE3-88B7', '2023-08-22 21:11:34', 1),
	(1026, 31, NULL, 7, 'DF69-7ABD-D19F-F668', '2023-08-22 21:11:34', 1),
	(1027, 31, NULL, 7, '445C-DA67-0E30-FD37', '2023-08-22 21:11:34', 1),
	(1028, 31, NULL, 7, '9ED1-C40F-709D-6FF0', '2023-08-22 21:11:34', 1),
	(1029, 31, NULL, 7, '4FCD-7E87-9327-B755', '2023-08-22 21:11:34', 1),
	(1030, 31, NULL, 8, 'E4C5-44B4-05AE-FD32', '2023-08-22 21:11:34', 1),
	(1031, 31, NULL, 8, 'C4FF-86F5-A87F-2CCC', '2023-08-22 21:11:34', 1),
	(1032, 31, NULL, 8, '0CF0-7DBD-2803-D58D', '2023-08-22 21:11:34', 1),
	(1033, 31, NULL, 8, '36DD-6427-F1A5-470F', '2023-08-22 21:11:34', 1),
	(1034, 31, NULL, 8, 'ACE6-87F6-8A97-7087', '2023-08-22 21:11:34', 1),
	(1035, 31, NULL, 8, '6B13-2F0B-BEF7-0046', '2023-08-22 21:11:34', 1),
	(1036, 31, NULL, 9, '9378-82CA-8400-1A0B', '2023-08-22 21:11:34', 1),
	(1037, 31, NULL, 9, '5EB3-517F-DD2B-091D', '2023-08-22 21:11:34', 1),
	(1038, 31, NULL, 9, '181A-B6FC-4DE5-6C8F', '2023-08-22 21:11:34', 1),
	(1039, 31, NULL, 9, '0B45-05A8-985E-C1A5', '2023-08-22 21:11:34', 1),
	(1040, 32, NULL, 1, '7F6D-882F-270A-FD8D', '2023-08-22 21:11:34', 1),
	(1041, 32, NULL, 1, '499D-E295-8469-5302', '2023-08-22 21:11:34', 1),
	(1042, 32, NULL, 1, '0C1F-F082-508A-217B', '2023-08-22 21:11:34', 1),
	(1043, 32, NULL, 1, 'EE09-3353-8322-A1C2', '2023-08-22 21:11:34', 1),
	(1044, 32, NULL, 1, 'C90B-0962-9537-C134', '2023-08-22 21:11:34', 1),
	(1045, 32, NULL, 1, '1570-C0EA-6F2A-7A8F', '2023-08-22 21:11:34', 1),
	(1046, 32, NULL, 6, '542A-7E4E-EAEC-A51B', '2023-08-22 21:11:34', 1),
	(1047, 32, NULL, 6, '565E-D3F2-4AFC-B129', '2023-08-22 21:11:34', 1),
	(1048, 32, NULL, 6, '2714-A575-00A1-A215', '2023-08-22 21:11:34', 1),
	(1049, 32, NULL, 6, '6829-94C3-45FF-61EA', '2023-08-22 21:11:34', 1),
	(1050, 32, NULL, 6, '4711-C692-79FD-81C8', '2023-08-22 21:11:34', 1),
	(1051, 32, NULL, 6, '187E-96C4-E749-F975', '2023-08-22 21:11:34', 1),
	(1052, 32, NULL, 6, '8B1A-A75B-ECCF-8A69', '2023-08-22 21:11:34', 1),
	(1053, 32, NULL, 7, 'F370-D165-F0EB-28EC', '2023-08-22 21:11:34', 1),
	(1054, 32, NULL, 7, 'E548-7C11-347E-C88D', '2023-08-22 21:11:34', 1),
	(1055, 32, NULL, 7, '66A8-2790-80E7-7D92', '2023-08-22 21:11:34', 1),
	(1056, 32, NULL, 8, 'AA1B-8C54-5A04-EF71', '2023-08-22 21:11:34', 1),
	(1057, 32, NULL, 8, '85BA-3661-D5AA-0BD5', '2023-08-22 21:11:34', 1),
	(1058, 32, NULL, 8, 'E6F3-FF54-C807-3F42', '2023-08-22 21:11:34', 1),
	(1059, 32, NULL, 8, '50D0-B1DC-B126-8CB8', '2023-08-22 21:11:34', 1),
	(1060, 32, NULL, 8, '5CC5-81C5-7312-685E', '2023-08-22 21:11:34', 1),
	(1061, 32, NULL, 8, '2EEB-D69E-3D12-DD9C', '2023-08-22 21:11:34', 1),
	(1062, 32, NULL, 8, 'CC44-836F-7744-57B7', '2023-08-22 21:11:34', 1),
	(1063, 32, NULL, 9, '03F1-94B1-35DD-BEC9', '2023-08-22 21:11:34', 1),
	(1064, 32, NULL, 9, '35A2-8BE1-C999-E23E', '2023-08-22 21:11:34', 1),
	(1065, 2, NULL, 1, '2C55-1C74-B153-D565', '2023-08-22 21:12:24', 1),
	(1066, 2, NULL, 1, 'EDF5-E2CC-9C00-08E6', '2023-08-22 21:12:24', 1),
	(1067, 2, NULL, 1, '29EA-26EF-FBE7-B75F', '2023-08-22 21:12:24', 1),
	(1068, 2, NULL, 1, '066C-76B8-13B8-EB27', '2023-08-22 21:12:24', 1),
	(1069, 2, NULL, 1, '4422-7641-1783-56ED', '2023-08-22 21:12:24', 1),
	(1070, 2, NULL, 1, 'CAF5-8B4C-AB58-8D87', '2023-08-22 21:12:24', 1),
	(1071, 2, NULL, 6, 'CDEB-3999-0932-B155', '2023-08-22 21:12:24', 1),
	(1072, 2, NULL, 6, '82F3-349A-6AA5-262D', '2023-08-22 21:12:24', 1),
	(1073, 2, NULL, 6, 'A40A-16CA-BAB3-B614', '2023-08-22 21:12:24', 1),
	(1074, 2, NULL, 6, '9ADB-10B8-37EB-5776', '2023-08-22 21:12:24', 1),
	(1075, 2, NULL, 7, '49D3-DA18-4384-454D', '2023-08-22 21:12:24', 1),
	(1076, 2, NULL, 7, '9775-5DEA-78D8-7CCF', '2023-08-22 21:12:24', 1),
	(1077, 2, NULL, 7, 'E359-B16C-5DBE-0CE1', '2023-08-22 21:12:24', 1),
	(1078, 2, NULL, 7, '92C6-81D1-4FE6-FFA6', '2023-08-22 21:12:24', 1),
	(1079, 2, NULL, 7, 'D47F-4201-4DEB-0AF1', '2023-08-22 21:12:24', 1),
	(1080, 2, NULL, 7, '61E2-9E2A-17A3-A3D0', '2023-08-22 21:12:24', 1),
	(1081, 2, NULL, 7, 'C26C-3D87-16E3-8375', '2023-08-22 21:12:24', 1),
	(1082, 2, NULL, 8, '7118-1DF5-9F03-479F', '2023-08-22 21:12:24', 1),
	(1083, 2, NULL, 8, '8E70-FE5E-3227-50DA', '2023-08-22 21:12:24', 1),
	(1084, 2, NULL, 8, '7A5E-9A1A-CC22-ABDE', '2023-08-22 21:12:24', 1),
	(1085, 2, NULL, 8, '2D49-868A-7402-7CED', '2023-08-22 21:12:24', 1),
	(1086, 2, NULL, 8, '837F-AEBA-281E-FB9C', '2023-08-22 21:12:24', 1),
	(1087, 2, NULL, 8, 'F59F-7E1C-FAFE-F034', '2023-08-22 21:12:24', 1),
	(1088, 2, NULL, 8, '3938-0B1A-9ED1-72D4', '2023-08-22 21:12:24', 1),
	(1089, 2, NULL, 9, '8209-F683-F176-32E0', '2023-08-22 21:12:24', 1),
	(1090, 2, NULL, 9, 'B662-9846-A932-EC5C', '2023-08-22 21:12:24', 1),
	(1091, 2, NULL, 9, '8CA1-8635-90F3-B1CE', '2023-08-22 21:12:24', 1),
	(1092, 2, NULL, 9, 'A40D-817C-029F-07D8', '2023-08-22 21:12:24', 1),
	(1093, 3, NULL, 1, '22FB-71B0-89E6-BF61', '2023-08-22 21:12:24', 1),
	(1094, 3, NULL, 1, '4159-CC0E-C1AE-BC3E', '2023-08-22 21:12:24', 1),
	(1095, 3, NULL, 1, 'D0E3-4A3C-61B1-3497', '2023-08-22 21:12:24', 1),
	(1096, 3, NULL, 1, '43A5-7EE8-6546-5CF5', '2023-08-22 21:12:24', 1),
	(1097, 3, NULL, 8, 'BEC1-66A1-D931-6BF4', '2023-08-22 21:12:24', 1),
	(1098, 3, NULL, 8, '2702-5E3B-7C54-3CB9', '2023-08-22 21:12:24', 1),
	(1099, 3, NULL, 8, '2A18-0AAB-FC6E-E1DF', '2023-08-22 21:12:24', 1),
	(1100, 3, NULL, 8, 'F9B2-F007-5864-09A9', '2023-08-22 21:12:24', 1),
	(1101, 3, NULL, 8, '5184-D1EE-1BEA-7BFA', '2023-08-22 21:12:24', 1),
	(1102, 3, NULL, 8, '0E00-D3A1-4994-E4CF', '2023-08-22 21:12:24', 1),
	(1103, 3, NULL, 8, '5064-1129-A2D9-9D37', '2023-08-22 21:12:24', 1),
	(1104, 3, NULL, 8, '19EA-DEC9-68B5-ACA6', '2023-08-22 21:12:24', 1),
	(1105, 3, NULL, 8, '12C2-2F15-699C-5224', '2023-08-22 21:12:24', 1),
	(1106, 3, NULL, 8, '61FA-8C2B-23DF-C2CD', '2023-08-22 21:12:24', 1),
	(1107, 3, NULL, 8, '7258-C799-40B8-B493', '2023-08-22 21:12:24', 1),
	(1108, 4, NULL, 1, 'CFEE-9820-05C6-7E35', '2023-08-22 21:12:24', 1),
	(1109, 4, NULL, 1, 'C264-F094-92B3-A1CD', '2023-08-22 21:12:24', 1),
	(1110, 4, NULL, 1, '7E51-783C-E07B-6B98', '2023-08-22 21:12:24', 1),
	(1111, 4, NULL, 1, 'C9BD-EB98-1DCF-59BE', '2023-08-22 21:12:24', 1),
	(1112, 4, NULL, 1, '9950-DE11-772A-4982', '2023-08-22 21:12:24', 1),
	(1113, 4, NULL, 1, '8E58-74F0-56A3-3A20', '2023-08-22 21:12:24', 1),
	(1114, 4, NULL, 1, 'A39A-D035-0882-16DF', '2023-08-22 21:12:24', 1),
	(1115, 4, NULL, 1, '0912-0FEA-1C25-12AC', '2023-08-22 21:12:24', 1),
	(1116, 4, NULL, 1, '3375-8D1C-DA46-7C15', '2023-08-22 21:12:24', 1),
	(1117, 4, NULL, 1, 'E32C-6624-4825-A5B4', '2023-08-22 21:12:24', 1),
	(1118, 4, NULL, 1, '0E59-6742-9365-DCA3', '2023-08-22 21:12:24', 1),
	(1119, 4, NULL, 1, '9D82-0034-5BF5-2894', '2023-08-22 21:12:24', 1),
	(1120, 6, NULL, 1, '424F-B74B-FFD7-C8AD', '2023-08-22 21:12:24', 1),
	(1121, 6, NULL, 1, 'A91B-9A7B-6A3A-5730', '2023-08-22 21:12:24', 1),
	(1122, 6, NULL, 1, '46A2-01F3-F1D3-43EE', '2023-08-22 21:12:24', 1),
	(1123, 6, NULL, 1, '2BFB-67F6-C5C1-64D6', '2023-08-22 21:12:24', 1),
	(1124, 6, NULL, 1, '36F1-B92A-B98C-57CC', '2023-08-22 21:12:24', 1),
	(1125, 7, NULL, 1, 'DE25-25A6-00E3-A8A8', '2023-08-22 21:12:24', 1),
	(1126, 7, NULL, 1, 'BCEC-9EFD-F224-CEFB', '2023-08-22 21:12:24', 1),
	(1127, 7, NULL, 1, 'D34A-0B2D-A711-D6A6', '2023-08-22 21:12:24', 1),
	(1128, 7, NULL, 1, '2B2F-F869-5D1B-B121', '2023-08-22 21:12:24', 1),
	(1129, 7, NULL, 1, '0CB5-E670-2335-C512', '2023-08-22 21:12:24', 1),
	(1130, 7, NULL, 1, '89D1-8CE2-C9A9-593F', '2023-08-22 21:12:24', 1),
	(1131, 7, NULL, 1, '585F-8A82-B955-A18D', '2023-08-22 21:12:24', 1),
	(1132, 7, NULL, 1, '3986-179E-6A24-13F7', '2023-08-22 21:12:24', 1),
	(1133, 7, NULL, 1, '5478-51AE-BDD0-1E32', '2023-08-22 21:12:24', 1),
	(1134, 7, NULL, 3, '5988-C7C5-6DCE-3968', '2023-08-22 21:12:24', 1),
	(1135, 7, NULL, 3, '850C-EF30-F1E3-76F0', '2023-08-22 21:12:24', 1),
	(1136, 7, NULL, 3, '94D6-2950-584A-0149', '2023-08-22 21:12:24', 1),
	(1137, 7, NULL, 3, '97A2-C2AE-B6DF-29D9', '2023-08-22 21:12:24', 1),
	(1138, 7, NULL, 3, '25A2-3F30-A158-4863', '2023-08-22 21:12:24', 1),
	(1139, 7, NULL, 3, '5F89-649C-E482-B7FE', '2023-08-22 21:12:24', 1),
	(1140, 7, NULL, 3, '35CC-56CB-7704-79E4', '2023-08-22 21:12:24', 1),
	(1141, 7, NULL, 3, 'CA21-2E76-4EE6-C3F0', '2023-08-22 21:12:24', 1),
	(1142, 7, NULL, 6, '5C88-8CFA-2DD6-ADDE', '2023-08-22 21:12:24', 1),
	(1143, 7, NULL, 6, '62A3-5D95-0A99-ABE1', '2023-08-22 21:12:24', 1),
	(1144, 7, NULL, 6, '6FCF-7872-F8DA-6952', '2023-08-22 21:12:24', 1),
	(1145, 7, NULL, 6, 'B4B1-1579-1B5F-B4A5', '2023-08-22 21:12:24', 1),
	(1146, 7, NULL, 7, '6DBB-B8FA-2129-2C3D', '2023-08-22 21:12:24', 1),
	(1147, 7, NULL, 7, 'DA2C-85BA-CEF8-5721', '2023-08-22 21:12:24', 1),
	(1148, 7, NULL, 7, 'FBA5-63B4-5544-5FBE', '2023-08-22 21:12:24', 1),
	(1149, 7, NULL, 7, 'CB36-43F7-7E51-B568', '2023-08-22 21:12:24', 1),
	(1150, 7, NULL, 7, '5F37-C823-383B-0B61', '2023-08-22 21:12:24', 1),
	(1151, 7, NULL, 8, '33CF-6979-4F36-47F2', '2023-08-22 21:12:24', 1),
	(1152, 7, NULL, 8, '974D-7DA0-A049-1864', '2023-08-22 21:12:24', 1),
	(1153, 7, NULL, 8, '1C4B-8B6F-3E3D-AF42', '2023-08-22 21:12:24', 1),
	(1154, 7, NULL, 8, 'A405-804F-2800-E248', '2023-08-22 21:12:24', 1),
	(1155, 7, NULL, 8, '7BB7-F600-A1E7-0389', '2023-08-22 21:12:24', 1),
	(1156, 7, NULL, 9, 'B8BF-BBB3-EAE6-AD49', '2023-08-22 21:12:24', 1),
	(1157, 7, NULL, 9, '6E39-A73F-20C5-FBBC', '2023-08-22 21:12:24', 1),
	(1158, 14, NULL, 1, '79BE-8CA2-F5BA-A84E', '2023-08-22 21:12:24', 1),
	(1159, 14, NULL, 1, '063A-A194-DB18-1907', '2023-08-22 21:12:24', 1),
	(1160, 14, NULL, 1, '3BD1-9C49-C706-38A0', '2023-08-22 21:12:24', 1),
	(1161, 14, NULL, 1, '922F-4E90-AB40-EF7C', '2023-08-22 21:12:24', 1),
	(1162, 14, NULL, 1, '3124-5253-AE22-6FB8', '2023-08-22 21:12:24', 1),
	(1163, 14, NULL, 1, '8AED-7502-0F5A-ADA8', '2023-08-22 21:12:24', 1),
	(1164, 14, NULL, 1, '19D0-DDE2-12AD-70B6', '2023-08-22 21:12:24', 1),
	(1165, 14, NULL, 1, '22C3-28B9-60C1-2CD1', '2023-08-22 21:12:24', 1),
	(1166, 14, NULL, 4, '7BBA-4E99-6F8C-FAE9', '2023-08-22 21:12:24', 1),
	(1167, 14, NULL, 4, '01D8-822D-BA32-349F', '2023-08-22 21:12:24', 1),
	(1168, 14, NULL, 4, '678D-A1E5-82BD-A71C', '2023-08-22 21:12:24', 1),
	(1169, 14, NULL, 4, 'D85E-1506-1F18-8AD7', '2023-08-22 21:12:24', 1),
	(1170, 14, NULL, 4, '0011-CE19-846C-3E54', '2023-08-22 21:12:24', 1),
	(1171, 14, NULL, 4, 'EC2B-A194-4E74-62DF', '2023-08-22 21:12:24', 1),
	(1172, 14, NULL, 4, '2E70-C991-F425-28D0', '2023-08-22 21:12:24', 1),
	(1173, 14, NULL, 4, 'ACBC-925B-9A25-A879', '2023-08-22 21:12:24', 1),
	(1174, 15, NULL, 5, '8E74-62F4-D5EC-3A89', '2023-08-22 21:12:24', 1),
	(1175, 15, NULL, 5, 'B228-689D-7D7D-2590', '2023-08-22 21:12:24', 1),
	(1176, 15, NULL, 5, 'DFBF-33D6-3BDA-2E96', '2023-08-22 21:12:24', 1),
	(1177, 15, NULL, 5, '93CF-D05F-B1BC-ACDA', '2023-08-22 21:12:24', 1),
	(1178, 15, NULL, 5, 'AAD1-1BA1-C6CB-91F5', '2023-08-22 21:12:24', 1),
	(1179, 15, NULL, 5, '2441-CBF1-CE82-35D8', '2023-08-22 21:12:24', 1),
	(1180, 15, NULL, 5, '5178-F955-59A0-9135', '2023-08-22 21:12:24', 1),
	(1181, 15, NULL, 5, '5051-EDB7-34A2-ED91', '2023-08-22 21:12:24', 1),
	(1182, 15, NULL, 5, '0C4A-5C68-266D-BC08', '2023-08-22 21:12:24', 1),
	(1183, 15, NULL, 6, '296F-EB1F-C935-695A', '2023-08-22 21:12:24', 1),
	(1184, 15, NULL, 6, '9498-951F-2470-AC45', '2023-08-22 21:12:24', 1),
	(1185, 15, NULL, 7, '8DA0-0AF0-42EA-A055', '2023-08-22 21:12:24', 1),
	(1186, 15, NULL, 7, '1AE5-0C67-9841-EBFD', '2023-08-22 21:12:24', 1),
	(1187, 15, NULL, 7, '3A95-84D1-F26C-4623', '2023-08-22 21:12:24', 1),
	(1188, 15, NULL, 7, '746B-3A97-BC29-BDF4', '2023-08-22 21:12:24', 1),
	(1189, 15, NULL, 8, 'B586-05F5-B68D-D290', '2023-08-22 21:12:24', 1),
	(1190, 15, NULL, 8, '7773-3232-3F04-80EB', '2023-08-22 21:12:24', 1),
	(1191, 15, NULL, 8, '3072-B11B-A39F-9F96', '2023-08-22 21:12:24', 1),
	(1192, 15, NULL, 8, 'C055-2B56-F171-27F1', '2023-08-22 21:12:24', 1),
	(1193, 15, NULL, 8, 'BC9E-1232-7568-A1D4', '2023-08-22 21:12:24', 1),
	(1194, 15, NULL, 8, 'E4A9-8CA0-7A8A-E8D4', '2023-08-22 21:12:24', 1),
	(1195, 15, NULL, 8, '3E56-39BC-9916-D0FC', '2023-08-22 21:12:24', 1),
	(1196, 15, NULL, 8, '6A7A-0965-903B-27F2', '2023-08-22 21:12:24', 1),
	(1197, 15, NULL, 8, '466C-7086-30C6-4AB1', '2023-08-22 21:12:24', 1),
	(1198, 15, NULL, 8, '49D3-795A-46C9-2A18', '2023-08-22 21:12:24', 1),
	(1199, 15, NULL, 9, 'FD88-A036-2AD2-DEF5', '2023-08-22 21:12:24', 1),
	(1200, 15, NULL, 9, '4B0F-0398-3BF0-D4D1', '2023-08-22 21:12:24', 1),
	(1201, 15, NULL, 9, 'FEA5-69E4-7C21-759F', '2023-08-22 21:12:24', 1),
	(1202, 15, NULL, 9, '006C-2E56-B607-69B7', '2023-08-22 21:12:24', 1),
	(1203, 15, NULL, 9, 'E921-3FE8-A8AD-DE4C', '2023-08-22 21:12:24', 1),
	(1204, 15, NULL, 9, 'E882-66ED-B5BF-81A0', '2023-08-22 21:12:24', 1),
	(1205, 15, NULL, 9, '240D-4249-715B-8314', '2023-08-22 21:12:24', 1),
	(1206, 15, NULL, 9, '3289-6D4F-03D7-BDF1', '2023-08-22 21:12:24', 1),
	(1207, 15, NULL, 9, 'B216-95E9-5F38-6A24', '2023-08-22 21:12:24', 1),
	(1208, 15, NULL, 9, 'A166-00B0-B029-4908', '2023-08-22 21:12:24', 1),
	(1209, 17, NULL, 4, '0694-022C-528A-26D5', '2023-08-22 21:12:24', 1),
	(1210, 17, NULL, 6, 'A4D8-621C-7A47-1DCC', '2023-08-22 21:12:24', 1),
	(1211, 17, NULL, 6, 'B43C-E650-1D0F-30B7', '2023-08-22 21:12:24', 1),
	(1212, 17, NULL, 6, 'DE8C-6059-1A2F-CCA4', '2023-08-22 21:12:24', 1),
	(1213, 17, NULL, 6, '9F3F-5687-74E4-E1E5', '2023-08-22 21:12:24', 1),
	(1214, 17, NULL, 6, '1F0D-E607-8962-5E46', '2023-08-22 21:12:24', 1),
	(1215, 17, NULL, 6, '7DDB-52AD-6983-C8B2', '2023-08-22 21:12:24', 1),
	(1216, 17, NULL, 6, '2BFA-2741-C76E-DBB9', '2023-08-22 21:12:24', 1),
	(1217, 17, NULL, 6, '058D-D1C2-FDF0-9FE0', '2023-08-22 21:12:24', 1),
	(1218, 17, NULL, 6, 'D8DA-96F9-AEDD-DB44', '2023-08-22 21:12:24', 1),
	(1219, 17, NULL, 7, '5F4A-0F37-A824-3CB7', '2023-08-22 21:12:24', 1),
	(1220, 17, NULL, 7, '5CE3-E099-9713-BBD2', '2023-08-22 21:12:24', 1),
	(1221, 17, NULL, 7, '1FFE-084F-B7D0-F6E5', '2023-08-22 21:12:24', 1),
	(1222, 17, NULL, 7, '33C2-4273-03D2-5295', '2023-08-22 21:12:24', 1),
	(1223, 17, NULL, 7, '7C64-20A1-83C4-E80F', '2023-08-22 21:12:24', 1),
	(1224, 17, NULL, 8, 'BA80-4B39-BE3C-49E4', '2023-08-22 21:12:24', 1),
	(1225, 17, NULL, 8, '1CC4-B2F9-324D-9EB2', '2023-08-22 21:12:24', 1),
	(1226, 17, NULL, 8, '6BAC-260A-0528-F0BB', '2023-08-22 21:12:24', 1),
	(1227, 17, NULL, 8, '0245-DE3F-0DAC-39F9', '2023-08-22 21:12:24', 1),
	(1228, 17, NULL, 8, '7824-E4C1-D020-8EF5', '2023-08-22 21:12:24', 1),
	(1229, 17, NULL, 8, '4C9B-E79F-964C-8141', '2023-08-22 21:12:24', 1),
	(1230, 17, NULL, 8, '3C38-CEBF-BFBD-4DCC', '2023-08-22 21:12:24', 1),
	(1231, 17, NULL, 8, 'A187-6325-5756-ADA3', '2023-08-22 21:12:24', 1),
	(1232, 17, NULL, 9, '9D18-F79D-70C1-870E', '2023-08-22 21:12:24', 1),
	(1233, 17, NULL, 9, '0096-967D-5F5E-7C2B', '2023-08-22 21:12:24', 1),
	(1234, 17, NULL, 9, '3C8D-9C51-A2A3-7A9B', '2023-08-22 21:12:24', 1),
	(1235, 17, NULL, 9, '7435-244B-BAC6-D9AF', '2023-08-22 21:12:24', 1),
	(1236, 17, NULL, 9, 'DE20-312D-6B2E-686C', '2023-08-22 21:12:24', 1),
	(1237, 17, NULL, 9, '0A9D-3E03-D8C9-FBCF', '2023-08-22 21:12:24', 1),
	(1238, 17, NULL, 9, 'F969-ACA8-85F9-2563', '2023-08-22 21:12:24', 1),
	(1239, 17, NULL, 9, 'F4DE-03CD-40B1-60A2', '2023-08-22 21:12:24', 1),
	(1240, 18, NULL, 8, '9F84-15AF-EBDA-7A5B', '2023-08-22 21:12:24', 1),
	(1241, 18, NULL, 8, 'D340-EC64-69D1-42CA', '2023-08-22 21:12:24', 1),
	(1242, 18, NULL, 8, 'A6B5-0E4A-D952-9731', '2023-08-22 21:12:24', 1),
	(1243, 18, NULL, 8, 'FFE6-682B-B4FD-9CAA', '2023-08-22 21:12:24', 1),
	(1244, 19, NULL, 1, '90CC-8760-5A17-6A5A', '2023-08-22 21:12:24', 1),
	(1245, 19, NULL, 1, 'AB84-F3D6-5AC1-88F3', '2023-08-22 21:12:24', 1),
	(1246, 19, NULL, 1, '9270-F620-C0DE-050E', '2023-08-22 21:12:24', 1),
	(1247, 19, NULL, 1, 'E151-00E8-18E7-3D82', '2023-08-22 21:12:24', 1),
	(1248, 19, NULL, 1, 'D63F-D2F3-5B02-AD3D', '2023-08-22 21:12:24', 1),
	(1249, 19, NULL, 1, '8D81-DED8-CDDD-73E3', '2023-08-22 21:12:24', 1),
	(1250, 19, NULL, 1, 'F30D-D970-0851-726E', '2023-08-22 21:12:24', 1),
	(1251, 19, NULL, 1, '9C64-CEA7-2C41-7A5B', '2023-08-22 21:12:24', 1),
	(1252, 19, NULL, 1, '2B4C-9896-FE5C-CFF3', '2023-08-22 21:12:24', 1),
	(1253, 19, NULL, 1, 'CD7B-C036-9745-3B13', '2023-08-22 21:12:24', 1),
	(1254, 19, NULL, 4, '741C-F242-EE5C-60A9', '2023-08-22 21:12:24', 1),
	(1255, 19, NULL, 4, 'ED92-8D31-BCD8-3367', '2023-08-22 21:12:24', 1),
	(1256, 19, NULL, 4, 'D783-0043-D0D4-CC66', '2023-08-22 21:12:24', 1),
	(1257, 19, NULL, 4, '97D1-E129-AB3B-1079', '2023-08-22 21:12:24', 1),
	(1258, 19, NULL, 4, '1319-37A9-E573-7F95', '2023-08-22 21:12:24', 1),
	(1259, 19, NULL, 4, '0C8A-0F15-F243-4EEE', '2023-08-22 21:12:24', 1),
	(1260, 19, NULL, 4, '04EC-6967-5997-5424', '2023-08-22 21:12:24', 1),
	(1261, 19, NULL, 4, '81BF-51C7-4AD1-3D1D', '2023-08-22 21:12:24', 1),
	(1262, 19, NULL, 6, '76A2-FA8D-D967-D396', '2023-08-22 21:12:24', 1),
	(1263, 19, NULL, 6, '8E13-B370-622E-4944', '2023-08-22 21:12:24', 1),
	(1264, 19, NULL, 6, '3E51-26C1-E27B-D2EC', '2023-08-22 21:12:24', 1),
	(1265, 19, NULL, 6, '4953-CF13-631D-7CF8', '2023-08-22 21:12:24', 1),
	(1266, 19, NULL, 6, 'AA81-7B50-A045-6CDE', '2023-08-22 21:12:24', 1),
	(1267, 19, NULL, 6, '305E-9837-77F7-1EB4', '2023-08-22 21:12:24', 1),
	(1268, 19, NULL, 6, '46CF-58EC-7ADA-8D22', '2023-08-22 21:12:24', 1),
	(1269, 19, NULL, 7, 'CB32-DE35-CCE8-3BBF', '2023-08-22 21:12:24', 1),
	(1270, 19, NULL, 7, 'A2F4-63E3-9931-B41C', '2023-08-22 21:12:24', 1),
	(1271, 19, NULL, 7, '8540-4E24-1063-ECE9', '2023-08-22 21:12:24', 1),
	(1272, 19, NULL, 7, 'A4D9-FA70-3B76-56AC', '2023-08-22 21:12:24', 1),
	(1273, 19, NULL, 8, 'AD3D-4B78-E264-ED83', '2023-08-22 21:12:24', 1),
	(1274, 19, NULL, 8, '9DEA-70D7-820A-41EA', '2023-08-22 21:12:24', 1),
	(1275, 19, NULL, 8, 'B001-4A18-1957-63C4', '2023-08-22 21:12:24', 1),
	(1276, 19, NULL, 8, '46EA-89D9-0149-4AA4', '2023-08-22 21:12:24', 1),
	(1277, 19, NULL, 8, '3332-5B25-0A99-8DB4', '2023-08-22 21:12:24', 1),
	(1278, 19, NULL, 8, '49CF-49C2-9DB7-AFA9', '2023-08-22 21:12:24', 1),
	(1279, 19, NULL, 8, '3210-EA4F-1FA4-6B15', '2023-08-22 21:12:24', 1),
	(1280, 19, NULL, 8, '76D0-9278-05CC-04F0', '2023-08-22 21:12:24', 1),
	(1281, 19, NULL, 9, '7DFE-60FA-9599-7EAC', '2023-08-22 21:12:24', 1),
	(1282, 19, NULL, 9, '5C8B-8CEF-7E7E-CDA1', '2023-08-22 21:12:24', 1),
	(1283, 19, NULL, 9, '2A20-DBC5-261F-1CAA', '2023-08-22 21:12:24', 1),
	(1284, 19, NULL, 9, '86E2-3AD3-D202-7165', '2023-08-22 21:12:24', 1),
	(1285, 19, NULL, 9, '2FB1-2F69-9FAB-ACDD', '2023-08-22 21:12:24', 1),
	(1286, 20, NULL, 3, '9082-162B-8F5D-5627', '2023-08-22 21:12:24', 1),
	(1287, 20, NULL, 3, '8FD0-E424-139C-8B50', '2023-08-22 21:12:24', 1),
	(1288, 20, NULL, 3, 'B57E-4BFC-2F46-1000', '2023-08-22 21:12:24', 1),
	(1289, 20, NULL, 7, '5166-6403-5BDC-A810', '2023-08-22 21:12:24', 1),
	(1290, 20, NULL, 7, '71E7-A8A2-16CB-A919', '2023-08-22 21:12:24', 1),
	(1291, 20, NULL, 7, '6FE5-19D1-C3FD-2A7C', '2023-08-22 21:12:24', 1),
	(1292, 20, NULL, 7, 'C168-5197-A869-66D3', '2023-08-22 21:12:24', 1),
	(1293, 20, NULL, 7, 'DDC7-84CC-2239-8BB9', '2023-08-22 21:12:24', 1),
	(1294, 20, NULL, 7, 'E7AE-29DA-0562-45D1', '2023-08-22 21:12:24', 1),
	(1295, 20, NULL, 7, '41F7-2FEA-5CF3-3E12', '2023-08-22 21:12:24', 1),
	(1296, 20, NULL, 7, '3CF1-B336-802D-C735', '2023-08-22 21:12:24', 1),
	(1297, 20, NULL, 7, '1F55-CA5A-5447-392E', '2023-08-22 21:12:24', 1),
	(1298, 20, NULL, 8, '05D5-53BE-F758-0059', '2023-08-22 21:12:24', 1),
	(1299, 20, NULL, 8, 'E1D0-E569-3EA2-2EEB', '2023-08-22 21:12:24', 1),
	(1300, 20, NULL, 8, '3DC9-C185-3C53-67BD', '2023-08-22 21:12:24', 1),
	(1301, 20, NULL, 8, '5557-7F32-3B43-0EC8', '2023-08-22 21:12:24', 1),
	(1302, 20, NULL, 8, '9B74-A873-6AD3-6B88', '2023-08-22 21:12:24', 1),
	(1303, 20, NULL, 8, '6A0C-7FB4-840D-3406', '2023-08-22 21:12:24', 1),
	(1304, 21, NULL, 3, '2EBA-533D-A469-BFC5', '2023-08-22 21:12:24', 1),
	(1305, 21, NULL, 3, '5204-A790-119A-6CD2', '2023-08-22 21:12:24', 1),
	(1306, 21, NULL, 3, 'AB71-5A93-2A23-789F', '2023-08-22 21:12:24', 1),
	(1307, 21, NULL, 3, 'D17E-7E21-9004-606E', '2023-08-22 21:12:24', 1),
	(1308, 21, NULL, 3, '0611-9523-EB4E-2F05', '2023-08-22 21:12:24', 1),
	(1309, 21, NULL, 3, '00F0-B8DF-2DD4-A8AA', '2023-08-22 21:12:24', 1),
	(1310, 21, NULL, 3, 'BAFD-BCF9-5970-50B2', '2023-08-22 21:12:24', 1),
	(1311, 21, NULL, 3, '892E-E2F3-F05A-14A1', '2023-08-22 21:12:24', 1),
	(1312, 21, NULL, 3, '5222-3F32-0E3D-5691', '2023-08-22 21:12:24', 1),
	(1313, 21, NULL, 3, '661B-F427-9ECC-7F2D', '2023-08-22 21:12:24', 1),
	(1314, 21, NULL, 6, '34FF-21CA-C97A-2D3D', '2023-08-22 21:12:24', 1),
	(1315, 21, NULL, 6, '0C4D-BBA9-C55F-A744', '2023-08-22 21:12:24', 1),
	(1316, 21, NULL, 6, '33CA-6093-EB74-84A3', '2023-08-22 21:12:24', 1),
	(1317, 21, NULL, 6, 'C690-2AA2-BBB8-02E4', '2023-08-22 21:12:24', 1),
	(1318, 21, NULL, 6, '2259-FA90-2078-500E', '2023-08-22 21:12:24', 1),
	(1319, 21, NULL, 6, 'DF12-E792-0721-5F10', '2023-08-22 21:12:24', 1),
	(1320, 21, NULL, 6, '3CD8-9CC7-2814-54B2', '2023-08-22 21:12:24', 1),
	(1321, 21, NULL, 6, '8372-04B3-4AD8-0DCE', '2023-08-22 21:12:24', 1),
	(1322, 21, NULL, 6, '4C56-0EA3-9C63-2DEA', '2023-08-22 21:12:24', 1),
	(1323, 21, NULL, 7, '4618-FFB8-3655-3027', '2023-08-22 21:12:24', 1),
	(1324, 21, NULL, 7, '091F-12FA-9D17-B9C6', '2023-08-22 21:12:24', 1),
	(1325, 21, NULL, 7, 'F410-9BAD-37DD-D09F', '2023-08-22 21:12:24', 1),
	(1326, 21, NULL, 8, 'FF69-6BE6-A8BF-D284', '2023-08-22 21:12:24', 1),
	(1327, 21, NULL, 9, '09B0-CBAC-A9BE-1DE0', '2023-08-22 21:12:24', 1),
	(1328, 21, NULL, 9, '5609-0C00-D414-A684', '2023-08-22 21:12:24', 1),
	(1329, 21, NULL, 9, 'B5F9-802C-D9C8-1517', '2023-08-22 21:12:24', 1),
	(1330, 22, NULL, 1, 'F7EA-EC22-0578-10D2', '2023-08-22 21:12:24', 1),
	(1331, 22, NULL, 1, '1E4C-F06E-5BBE-9206', '2023-08-22 21:12:24', 1),
	(1332, 22, NULL, 1, '9536-0751-42E3-FFE9', '2023-08-22 21:12:24', 1),
	(1333, 22, NULL, 1, '003D-D6DE-E812-8593', '2023-08-22 21:12:24', 1),
	(1334, 22, NULL, 1, '3557-EC1A-A9F6-33A5', '2023-08-22 21:12:24', 1),
	(1335, 22, NULL, 1, 'E20E-7D2D-2DCE-AF3A', '2023-08-22 21:12:24', 1),
	(1336, 22, NULL, 1, '79C2-9499-7685-3A0F', '2023-08-22 21:12:24', 1),
	(1337, 22, NULL, 1, '05CF-87E2-C794-6831', '2023-08-22 21:12:24', 1),
	(1338, 22, NULL, 1, 'B999-D725-9EA4-6E69', '2023-08-22 21:12:24', 1),
	(1339, 22, NULL, 1, '2FCB-1A72-9867-A100', '2023-08-22 21:12:24', 1),
	(1340, 22, NULL, 1, 'C2D2-74C9-B992-EDE1', '2023-08-22 21:12:24', 1),
	(1341, 22, NULL, 2, 'D854-C1B6-183D-FF8D', '2023-08-22 21:12:24', 1),
	(1342, 22, NULL, 2, 'C9EA-A5F8-73CD-C308', '2023-08-22 21:12:24', 1),
	(1343, 22, NULL, 2, 'F883-DECF-819D-A7B4', '2023-08-22 21:12:24', 1),
	(1344, 22, NULL, 2, 'ED20-3A53-D73D-AF4E', '2023-08-22 21:12:24', 1),
	(1345, 22, NULL, 2, '5E34-DB22-131B-4123', '2023-08-22 21:12:24', 1),
	(1346, 22, NULL, 2, '20F6-AF54-17F2-06A9', '2023-08-22 21:12:24', 1),
	(1347, 22, NULL, 2, 'DBBC-9E1F-D5BB-B181', '2023-08-22 21:12:24', 1),
	(1348, 22, NULL, 2, 'A468-1405-230B-4179', '2023-08-22 21:12:24', 1),
	(1349, 22, NULL, 4, 'AFE6-CA0D-FA46-2E53', '2023-08-22 21:12:24', 1),
	(1350, 22, NULL, 4, '867F-1942-09D8-2EBF', '2023-08-22 21:12:24', 1),
	(1351, 22, NULL, 4, '86AB-1343-2121-6AAE', '2023-08-22 21:12:24', 1),
	(1352, 22, NULL, 4, '6281-73FA-D0D1-977C', '2023-08-22 21:12:24', 1),
	(1353, 22, NULL, 4, '12AC-433E-9849-3536', '2023-08-22 21:12:24', 1),
	(1354, 22, NULL, 7, 'D7D7-1452-0E86-650E', '2023-08-22 21:12:24', 1),
	(1355, 22, NULL, 7, 'EBD2-A211-D8FD-27D8', '2023-08-22 21:12:24', 1),
	(1356, 22, NULL, 7, '0C42-23AD-38FD-2AAB', '2023-08-22 21:12:24', 1),
	(1357, 22, NULL, 7, '77A7-8645-FD29-3B1F', '2023-08-22 21:12:24', 1),
	(1358, 22, NULL, 7, 'C73F-9EC5-1983-8D84', '2023-08-22 21:12:24', 1),
	(1359, 22, NULL, 7, '0DF1-BBDF-D508-9924', '2023-08-22 21:12:24', 1),
	(1360, 22, NULL, 8, '1382-22DC-3C28-D385', '2023-08-22 21:12:24', 1),
	(1361, 22, NULL, 8, 'A586-CE27-02B5-EC99', '2023-08-22 21:12:24', 1),
	(1362, 22, NULL, 8, 'F133-7F37-5F46-1F21', '2023-08-22 21:12:24', 1),
	(1363, 22, NULL, 8, '54B5-3381-19E1-D22C', '2023-08-22 21:12:24', 1),
	(1364, 22, NULL, 8, 'EF14-2D18-117E-0894', '2023-08-22 21:12:24', 1),
	(1365, 22, NULL, 8, '42FB-3429-8A7E-C8CA', '2023-08-22 21:12:24', 1),
	(1366, 23, NULL, 1, '4B4E-0DD4-5DFF-D74C', '2023-08-22 21:12:24', 1),
	(1367, 23, NULL, 1, 'C156-B831-10D6-DDA0', '2023-08-22 21:12:24', 1),
	(1368, 23, NULL, 1, '5943-6577-29DD-7B4F', '2023-08-22 21:12:24', 1),
	(1369, 23, NULL, 2, '11CC-4BBB-5F61-F4E8', '2023-08-22 21:12:24', 1),
	(1370, 23, NULL, 2, '0034-D25B-0D49-AD1D', '2023-08-22 21:12:24', 1),
	(1371, 23, NULL, 4, '97D3-09B0-D0B0-7056', '2023-08-22 21:12:24', 1),
	(1372, 23, NULL, 4, '2419-8B52-A37F-43EE', '2023-08-22 21:12:24', 1),
	(1373, 23, NULL, 4, 'FDD0-F7D3-2F2C-CE12', '2023-08-22 21:12:24', 1),
	(1374, 23, NULL, 6, '1427-0B1E-13FF-D9AE', '2023-08-22 21:12:24', 1),
	(1375, 23, NULL, 6, '4101-B354-6684-20DB', '2023-08-22 21:12:24', 1),
	(1376, 23, NULL, 6, '542D-F0CF-B8BC-78EE', '2023-08-22 21:12:24', 1),
	(1377, 23, NULL, 6, 'D650-837D-86A7-D133', '2023-08-22 21:12:24', 1),
	(1378, 23, NULL, 6, '6BC9-8587-425C-4BBB', '2023-08-22 21:12:24', 1),
	(1379, 23, NULL, 6, '36D2-B193-8791-2F0C', '2023-08-22 21:12:24', 1),
	(1380, 23, NULL, 6, 'D8B9-CD81-4557-34E3', '2023-08-22 21:12:24', 1),
	(1381, 23, NULL, 6, '15D4-BE9E-C758-0289', '2023-08-22 21:12:24', 1),
	(1382, 23, NULL, 6, '02EC-6454-F8F0-F092', '2023-08-22 21:12:24', 1),
	(1383, 23, NULL, 6, '8722-268F-246B-598F', '2023-08-22 21:12:24', 1),
	(1384, 23, NULL, 7, '5536-298F-568D-DA48', '2023-08-22 21:12:24', 1),
	(1385, 23, NULL, 7, '16C0-E32E-2579-8373', '2023-08-22 21:12:24', 1),
	(1386, 23, NULL, 7, '6A3D-D85D-F71F-756F', '2023-08-22 21:12:24', 1),
	(1387, 23, NULL, 7, 'E134-14F4-F1BD-2C1C', '2023-08-22 21:12:24', 1),
	(1388, 23, NULL, 7, 'C118-57DE-F560-DC19', '2023-08-22 21:12:24', 1),
	(1389, 23, NULL, 7, 'EF74-7647-867B-2B5B', '2023-08-22 21:12:24', 1),
	(1390, 23, NULL, 7, '455A-DE82-DCA4-311B', '2023-08-22 21:12:24', 1),
	(1391, 23, NULL, 8, '03E7-539E-C657-B8CE', '2023-08-22 21:12:24', 1),
	(1392, 23, NULL, 8, '2E56-3FA6-DA3A-FAB5', '2023-08-22 21:12:24', 1),
	(1393, 23, NULL, 9, '57D8-FBB9-16E8-9C15', '2023-08-22 21:12:24', 1),
	(1394, 23, NULL, 9, '61F8-2527-B8AD-27B6', '2023-08-22 21:12:24', 1),
	(1395, 23, NULL, 9, '2703-81C8-530B-796B', '2023-08-22 21:12:24', 1),
	(1396, 24, NULL, 1, '60EC-D657-B440-FDEC', '2023-08-22 21:12:24', 1),
	(1397, 24, NULL, 1, '4EC8-A40E-8B17-5E59', '2023-08-22 21:12:24', 1),
	(1398, 24, NULL, 1, '44CB-DE0D-C7DB-1BAF', '2023-08-22 21:12:24', 1),
	(1399, 24, NULL, 1, '84BA-7003-FC27-028B', '2023-08-22 21:12:24', 1),
	(1400, 24, NULL, 1, 'EFBF-4FDC-F70B-855C', '2023-08-22 21:12:24', 1),
	(1401, 24, NULL, 1, '5E19-6E1B-1E68-2AB7', '2023-08-22 21:12:24', 1),
	(1402, 24, NULL, 1, '5F1B-2C03-A3F8-EDA5', '2023-08-22 21:12:24', 1),
	(1403, 24, NULL, 1, '9040-F92F-4481-4E41', '2023-08-22 21:12:24', 1),
	(1404, 24, NULL, 1, '4666-5490-79F6-D068', '2023-08-22 21:12:24', 1),
	(1405, 24, NULL, 1, '2182-7A1B-F1F1-B599', '2023-08-22 21:12:24', 1),
	(1406, 24, NULL, 2, '76E2-0FF5-34E6-702E', '2023-08-22 21:12:24', 1),
	(1407, 24, NULL, 2, 'A1E4-EC87-BF84-2EFA', '2023-08-22 21:12:24', 1),
	(1408, 24, NULL, 2, '4512-218B-0CE4-4474', '2023-08-22 21:12:24', 1),
	(1409, 24, NULL, 2, 'B754-368B-E313-5CA9', '2023-08-22 21:12:24', 1),
	(1410, 24, NULL, 2, '315E-0AC9-DFFB-0FBE', '2023-08-22 21:12:24', 1),
	(1411, 24, NULL, 2, '83B5-973E-1D89-6754', '2023-08-22 21:12:24', 1),
	(1412, 24, NULL, 6, '7CB3-F20D-6555-1DDF', '2023-08-22 21:12:24', 1),
	(1413, 24, NULL, 6, 'FA8B-A536-5ABF-4D52', '2023-08-22 21:12:24', 1),
	(1414, 24, NULL, 6, '0A7F-F26D-C1FA-F288', '2023-08-22 21:12:24', 1),
	(1415, 24, NULL, 6, '6DFD-B57F-E2BC-08BF', '2023-08-22 21:12:24', 1),
	(1416, 24, NULL, 6, '76FE-B237-F600-B40C', '2023-08-22 21:12:24', 1),
	(1417, 24, NULL, 7, 'BD5B-01F6-53C2-0660', '2023-08-22 21:12:24', 1),
	(1418, 24, NULL, 7, '00E2-9720-B663-9A56', '2023-08-22 21:12:24', 1),
	(1419, 24, NULL, 7, '713E-663B-0E28-877A', '2023-08-22 21:12:24', 1),
	(1420, 24, NULL, 7, '1ABC-E839-7C7E-FC84', '2023-08-22 21:12:24', 1),
	(1421, 24, NULL, 7, '1400-06A6-0D42-C78D', '2023-08-22 21:12:24', 1),
	(1422, 24, NULL, 7, '6D09-DA8D-09F2-7BC0', '2023-08-22 21:12:24', 1),
	(1423, 24, NULL, 8, '8518-BCE3-94FE-F623', '2023-08-22 21:12:24', 1),
	(1424, 24, NULL, 8, '5FCA-8346-FDA6-08D3', '2023-08-22 21:12:24', 1),
	(1425, 24, NULL, 8, '86A4-29BE-44E8-F72C', '2023-08-22 21:12:24', 1),
	(1426, 24, NULL, 8, '16D8-51B3-5420-DE0F', '2023-08-22 21:12:24', 1),
	(1427, 24, NULL, 8, 'C5F7-40D3-2489-A5E8', '2023-08-22 21:12:24', 1),
	(1428, 24, NULL, 8, '4C10-C810-4399-D708', '2023-08-22 21:12:24', 1),
	(1429, 24, NULL, 8, 'C110-AA93-FB23-D000', '2023-08-22 21:12:24', 1),
	(1430, 24, NULL, 8, 'B33B-FB51-7EF7-EE29', '2023-08-22 21:12:24', 1),
	(1431, 24, NULL, 8, '87DA-0DE8-6D4D-6107', '2023-08-22 21:12:24', 1),
	(1432, 24, NULL, 8, '5437-806A-B546-BFF4', '2023-08-22 21:12:24', 1),
	(1433, 24, NULL, 9, 'A47F-5295-61C1-3674', '2023-08-22 21:12:24', 1),
	(1434, 24, NULL, 9, 'B278-91CC-9964-2536', '2023-08-22 21:12:24', 1),
	(1435, 24, NULL, 9, '5E29-C0F7-66DC-AD8F', '2023-08-22 21:12:24', 1),
	(1436, 24, NULL, 9, '9EB2-00E0-2F79-3B74', '2023-08-22 21:12:24', 1),
	(1437, 24, NULL, 9, '1566-95FC-95B0-421E', '2023-08-22 21:12:24', 1),
	(1438, 24, NULL, 9, '9338-D975-5981-2A2B', '2023-08-22 21:12:24', 1),
	(1439, 24, NULL, 9, '6BA3-142A-60B8-E77C', '2023-08-22 21:12:24', 1),
	(1440, 24, NULL, 9, 'C899-72CE-AAEF-2611', '2023-08-22 21:12:24', 1),
	(1441, 25, NULL, 1, '774F-8961-C048-CF5F', '2023-08-22 21:12:24', 1),
	(1442, 25, NULL, 1, '3EB1-D9E8-7668-9D11', '2023-08-22 21:12:24', 1),
	(1443, 25, NULL, 1, '4288-1EDD-EE45-734D', '2023-08-22 21:12:24', 1),
	(1444, 25, NULL, 1, 'BCBC-B3F4-F68F-C660', '2023-08-22 21:12:24', 1),
	(1445, 25, NULL, 1, 'CFA2-9D87-20F9-1196', '2023-08-22 21:12:24', 1),
	(1446, 25, NULL, 1, '1793-F7AE-C3AE-FF99', '2023-08-22 21:12:24', 1),
	(1447, 25, NULL, 1, 'C953-ED31-4D62-4BED', '2023-08-22 21:12:24', 1),
	(1448, 25, NULL, 1, 'E93B-784E-55A8-EBA6', '2023-08-22 21:12:24', 1),
	(1449, 25, NULL, 2, '4A90-D6D7-E487-538C', '2023-08-22 21:12:24', 1),
	(1450, 25, NULL, 4, 'A4CB-D74B-5480-9CF1', '2023-08-22 21:12:24', 1),
	(1451, 25, NULL, 4, '3843-0C7C-CE48-7D3E', '2023-08-22 21:12:24', 1),
	(1452, 25, NULL, 4, '5B20-00B7-55F2-736F', '2023-08-22 21:12:24', 1),
	(1453, 25, NULL, 6, 'ABF0-5AD0-0432-914A', '2023-08-22 21:12:24', 1),
	(1454, 25, NULL, 6, '01E3-4C10-CAC0-B76E', '2023-08-22 21:12:24', 1),
	(1455, 25, NULL, 6, 'E35E-BADC-6331-3C4D', '2023-08-22 21:12:24', 1),
	(1456, 25, NULL, 6, '98AA-8AF1-8E65-9C27', '2023-08-22 21:12:24', 1),
	(1457, 25, NULL, 6, 'EB06-1972-EB17-4891', '2023-08-22 21:12:24', 1),
	(1458, 25, NULL, 6, '6801-D97D-9724-FD09', '2023-08-22 21:12:24', 1),
	(1459, 25, NULL, 6, '768E-376E-D4D7-9856', '2023-08-22 21:12:24', 1),
	(1460, 25, NULL, 7, '5587-05BD-DEB8-4D03', '2023-08-22 21:12:24', 1),
	(1461, 25, NULL, 7, 'C7A9-2459-F814-5482', '2023-08-22 21:12:24', 1),
	(1462, 25, NULL, 8, 'A345-ACCD-20B0-3F6D', '2023-08-22 21:12:24', 1),
	(1463, 25, NULL, 8, '7EC7-CCDA-0188-28DA', '2023-08-22 21:12:24', 1),
	(1464, 25, NULL, 8, 'E98D-45E8-5D49-4FEA', '2023-08-22 21:12:24', 1),
	(1465, 25, NULL, 8, 'F4EF-6F78-B5B8-4BCA', '2023-08-22 21:12:24', 1),
	(1466, 25, NULL, 8, 'D5CF-BA60-C877-2BF1', '2023-08-22 21:12:24', 1),
	(1467, 25, NULL, 8, '0B31-B4A1-5C48-715B', '2023-08-22 21:12:24', 1),
	(1468, 25, NULL, 9, '3AB9-C543-07AF-6829', '2023-08-22 21:12:24', 1),
	(1469, 25, NULL, 9, 'BE81-3CC6-B7C0-0560', '2023-08-22 21:12:24', 1),
	(1470, 25, NULL, 9, '3139-F18D-F859-A37A', '2023-08-22 21:12:24', 1),
	(1471, 25, NULL, 9, 'DDCA-381A-C281-6C5B', '2023-08-22 21:12:24', 1),
	(1472, 25, NULL, 9, 'F18E-11BE-7734-0413', '2023-08-22 21:12:24', 1),
	(1473, 25, NULL, 9, '5183-AD8F-E72C-3194', '2023-08-22 21:12:24', 1),
	(1474, 25, NULL, 9, '8613-4778-C9F2-3DC1', '2023-08-22 21:12:24', 1),
	(1475, 25, NULL, 9, '705C-3C72-2258-A4E8', '2023-08-22 21:12:24', 1),
	(1476, 26, NULL, 1, 'FC37-50E6-03E6-E5E3', '2023-08-22 21:12:24', 1),
	(1477, 26, NULL, 1, '6D69-FABF-AE1A-5AB4', '2023-08-22 21:12:24', 1),
	(1478, 26, NULL, 2, '9CD8-F2A5-9518-85D7', '2023-08-22 21:12:24', 1),
	(1479, 26, NULL, 2, '9954-F2AB-8772-A07D', '2023-08-22 21:12:24', 1),
	(1480, 26, NULL, 2, 'F065-1980-A447-D2D2', '2023-08-22 21:12:24', 1),
	(1481, 26, NULL, 2, '8AA8-78E9-02DB-8A5A', '2023-08-22 21:12:24', 1),
	(1482, 26, NULL, 2, '06C4-F29D-18DA-B097', '2023-08-22 21:12:24', 1),
	(1483, 26, NULL, 2, '7FB4-1B85-578B-A2C0', '2023-08-22 21:12:24', 1),
	(1484, 26, NULL, 2, 'C084-CC9D-4B4D-8CAB', '2023-08-22 21:12:24', 1),
	(1485, 26, NULL, 2, '61EF-3906-767C-A045', '2023-08-22 21:12:24', 1),
	(1486, 26, NULL, 2, 'C326-2F49-6FC1-B9DF', '2023-08-22 21:12:24', 1),
	(1487, 26, NULL, 2, 'C4A1-3CA0-E650-DC2D', '2023-08-22 21:12:24', 1),
	(1488, 26, NULL, 2, 'E569-0316-600C-ED98', '2023-08-22 21:12:24', 1),
	(1489, 26, NULL, 2, '3AA5-D684-17F4-2CC2', '2023-08-22 21:12:24', 1),
	(1490, 26, NULL, 6, '5787-0FDD-C765-61C9', '2023-08-22 21:12:24', 1),
	(1491, 26, NULL, 6, 'B18A-AC1B-2496-0B03', '2023-08-22 21:12:24', 1),
	(1492, 26, NULL, 6, '4A30-49A9-CA2A-1968', '2023-08-22 21:12:24', 1),
	(1493, 26, NULL, 6, '3DDD-AD9A-95E7-67F6', '2023-08-22 21:12:24', 1),
	(1494, 26, NULL, 6, '18C5-6DD5-BC1C-EC95', '2023-08-22 21:12:24', 1),
	(1495, 26, NULL, 7, 'A67F-A894-A3BF-CAD8', '2023-08-22 21:12:24', 1),
	(1496, 26, NULL, 7, '8BB3-4264-4C97-C2F8', '2023-08-22 21:12:24', 1),
	(1497, 26, NULL, 7, '1146-DADA-21E7-7D42', '2023-08-22 21:12:24', 1),
	(1498, 26, NULL, 8, '36C9-9142-4174-8E53', '2023-08-22 21:12:24', 1),
	(1499, 26, NULL, 9, '4297-2916-3A85-2848', '2023-08-22 21:12:24', 1),
	(1500, 26, NULL, 9, '98A6-6DBD-2AAB-8D4C', '2023-08-22 21:12:24', 1),
	(1501, 26, NULL, 9, 'ED36-F331-851F-5612', '2023-08-22 21:12:24', 1),
	(1502, 26, NULL, 9, 'BA0C-B226-9AC9-9C4B', '2023-08-22 21:12:24', 1),
	(1503, 27, NULL, 1, '4CB6-8D51-A8F8-093C', '2023-08-22 21:12:24', 1),
	(1504, 27, NULL, 4, 'EA64-A47E-C088-AA16', '2023-08-22 21:12:24', 1),
	(1505, 27, NULL, 4, '3FEF-930A-9C08-169C', '2023-08-22 21:12:24', 1),
	(1506, 27, NULL, 4, '608C-ECFB-6743-BD9A', '2023-08-22 21:12:24', 1),
	(1507, 27, NULL, 4, 'FEA4-FAFD-4A2F-C559', '2023-08-22 21:12:24', 1),
	(1508, 27, NULL, 4, 'D3AC-EF3D-C1BB-E7AE', '2023-08-22 21:12:24', 1),
	(1509, 27, NULL, 4, '751B-41C7-7081-1133', '2023-08-22 21:12:24', 1),
	(1510, 27, NULL, 6, 'DD75-855B-6AD0-EB24', '2023-08-22 21:12:24', 1),
	(1511, 27, NULL, 6, 'A04D-B0E6-E096-8E84', '2023-08-22 21:12:24', 1),
	(1512, 27, NULL, 6, 'E450-3B7B-902C-CF67', '2023-08-22 21:12:24', 1),
	(1513, 27, NULL, 9, '5068-96F4-D64A-C826', '2023-08-22 21:12:24', 1),
	(1514, 27, NULL, 9, '73FF-8B96-AB83-82AF', '2023-08-22 21:12:24', 1),
	(1515, 27, NULL, 9, '6BAE-EFEB-DF3A-62B4', '2023-08-22 21:12:24', 1),
	(1516, 28, NULL, 1, '005E-A58F-3AD4-1C0C', '2023-08-22 21:12:24', 1),
	(1517, 28, NULL, 1, 'E932-B990-9088-8538', '2023-08-22 21:12:24', 1),
	(1518, 28, NULL, 1, 'C95A-D985-676F-DB6C', '2023-08-22 21:12:24', 1),
	(1519, 28, NULL, 1, '4AB8-0B0F-7DE0-693F', '2023-08-22 21:12:24', 1),
	(1520, 28, NULL, 1, 'FF0E-D634-4FC3-10B7', '2023-08-22 21:12:24', 1),
	(1521, 28, NULL, 6, '98DA-48DD-8946-3F2F', '2023-08-22 21:12:24', 1),
	(1522, 28, NULL, 6, '1E7F-81CB-2032-A833', '2023-08-22 21:12:24', 1),
	(1523, 28, NULL, 6, '31E9-A83C-C44A-F31B', '2023-08-22 21:12:24', 1),
	(1524, 28, NULL, 6, '2A37-E454-2637-993A', '2023-08-22 21:12:24', 1),
	(1525, 28, NULL, 6, '71BC-5455-AFA6-35F9', '2023-08-22 21:12:24', 1),
	(1526, 28, NULL, 6, '3B84-EDD3-C204-BF15', '2023-08-22 21:12:24', 1),
	(1527, 28, NULL, 7, 'A976-3E90-B848-79B8', '2023-08-22 21:12:24', 1),
	(1528, 28, NULL, 8, '1C8F-D179-F220-AD68', '2023-08-22 21:12:24', 1),
	(1529, 28, NULL, 8, '84E6-5A11-5325-CD63', '2023-08-22 21:12:24', 1),
	(1530, 28, NULL, 8, 'B94F-25A9-69AE-2ECE', '2023-08-22 21:12:24', 1),
	(1531, 28, NULL, 8, 'C225-A4AC-15B3-1381', '2023-08-22 21:12:24', 1),
	(1532, 28, NULL, 8, '5237-523F-19B5-4C1C', '2023-08-22 21:12:24', 1),
	(1533, 28, NULL, 8, '0CEE-007F-B5A6-B29F', '2023-08-22 21:12:24', 1),
	(1534, 28, NULL, 8, '88BE-0F04-8BD4-10B6', '2023-08-22 21:12:24', 1),
	(1535, 28, NULL, 9, 'C066-7C83-C3F1-C0DB', '2023-08-22 21:12:24', 1),
	(1536, 28, NULL, 9, 'BB7F-82EF-FAAC-E5B0', '2023-08-22 21:12:24', 1),
	(1537, 28, NULL, 9, 'D344-DEB4-1916-9C86', '2023-08-22 21:12:24', 1),
	(1538, 28, NULL, 9, 'A7F8-1AD6-2E12-EE0D', '2023-08-22 21:12:24', 1),
	(1539, 28, NULL, 9, 'AC47-4F29-7E60-B8FB', '2023-08-22 21:12:24', 1),
	(1540, 28, NULL, 9, 'EE94-FCE2-AC8B-CF80', '2023-08-22 21:12:24', 1),
	(1541, 29, NULL, 1, '64C5-7F27-DD4F-D27D', '2023-08-22 21:12:24', 1),
	(1542, 29, NULL, 1, '2E2E-9816-E833-E59D', '2023-08-22 21:12:24', 1),
	(1543, 29, NULL, 1, '03F3-CFD1-4765-4199', '2023-08-22 21:12:24', 1),
	(1544, 29, NULL, 1, 'A700-94EA-C31D-5CE1', '2023-08-22 21:12:24', 1),
	(1545, 29, NULL, 1, '812B-0425-DEC9-56B7', '2023-08-22 21:12:24', 1),
	(1546, 29, NULL, 1, '559A-8CB8-529A-C4F2', '2023-08-22 21:12:24', 1),
	(1547, 29, NULL, 1, 'A5CD-DB6A-3C3E-ECF7', '2023-08-22 21:12:24', 1),
	(1548, 30, NULL, 1, '7B8F-D3F8-FD64-A5E8', '2023-08-22 21:12:24', 1),
	(1549, 30, NULL, 1, '3278-C631-C0D3-BFCF', '2023-08-22 21:12:24', 1),
	(1550, 30, NULL, 1, '0DE9-EA0A-75D5-6243', '2023-08-22 21:12:24', 1),
	(1551, 30, NULL, 1, '9D1F-1D98-D921-CA18', '2023-08-22 21:12:24', 1),
	(1552, 30, NULL, 1, '6D0D-311E-116B-F11D', '2023-08-22 21:12:24', 1),
	(1553, 30, NULL, 1, '69A5-E05B-C529-E82A', '2023-08-22 21:12:24', 1),
	(1554, 31, NULL, 1, '15BE-4FE5-8841-1CD6', '2023-08-22 21:12:24', 1),
	(1555, 31, NULL, 1, '8B9F-88D8-1E71-2565', '2023-08-22 21:12:24', 1),
	(1556, 31, NULL, 1, 'C208-F8EE-A7D2-8E58', '2023-08-22 21:12:24', 1),
	(1557, 31, NULL, 1, '6796-5494-234D-FBC7', '2023-08-22 21:12:24', 1),
	(1558, 31, NULL, 6, '2DE0-025B-56E1-EDC5', '2023-08-22 21:12:24', 1),
	(1559, 31, NULL, 6, 'DCBD-7C7D-BFBD-C0E1', '2023-08-22 21:12:24', 1),
	(1560, 31, NULL, 6, '09C2-47A4-C574-CA57', '2023-08-22 21:12:24', 1),
	(1561, 31, NULL, 6, 'C655-BE7F-825F-3F6E', '2023-08-22 21:12:24', 1),
	(1562, 31, NULL, 7, 'D5C6-C5C4-1A5F-D324', '2023-08-22 21:12:24', 1),
	(1563, 31, NULL, 7, 'ED37-B728-086B-55AD', '2023-08-22 21:12:24', 1),
	(1564, 31, NULL, 7, 'CCDA-A6DA-91D1-EFEF', '2023-08-22 21:12:24', 1),
	(1565, 31, NULL, 7, 'D5AC-CB05-CA05-1150', '2023-08-22 21:12:24', 1),
	(1566, 31, NULL, 7, 'C7C4-23F4-0F63-FE5B', '2023-08-22 21:12:24', 1),
	(1567, 31, NULL, 7, 'B2F9-A3A9-9A09-0E7D', '2023-08-22 21:12:24', 1),
	(1568, 31, NULL, 7, '92B7-8713-FF99-AA69', '2023-08-22 21:12:24', 1),
	(1569, 31, NULL, 7, '1F44-5C78-3DF7-AF26', '2023-08-22 21:12:24', 1),
	(1570, 31, NULL, 8, '27A2-7A1C-3BDF-05E3', '2023-08-22 21:12:24', 1),
	(1571, 31, NULL, 8, '9C7D-4241-1CB2-E493', '2023-08-22 21:12:24', 1),
	(1572, 31, NULL, 8, '1881-FEC8-A5D2-A396', '2023-08-22 21:12:24', 1),
	(1573, 31, NULL, 8, '11BF-038D-097D-3223', '2023-08-22 21:12:24', 1),
	(1574, 31, NULL, 8, 'DE71-1FA9-8D68-D950', '2023-08-22 21:12:24', 1),
	(1575, 31, NULL, 8, '41DC-98BB-6ADC-94DC', '2023-08-22 21:12:24', 1),
	(1576, 31, NULL, 8, '99E6-DDFC-EBF4-3927', '2023-08-22 21:12:24', 1),
	(1577, 31, NULL, 8, '2129-BCF1-F7BB-748F', '2023-08-22 21:12:24', 1),
	(1578, 31, NULL, 8, '678A-0B78-A7E5-3A68', '2023-08-22 21:12:24', 1),
	(1579, 31, NULL, 9, '4852-D574-C56F-E64B', '2023-08-22 21:12:24', 1),
	(1580, 31, NULL, 9, 'D88F-F610-6C0B-96B1', '2023-08-22 21:12:24', 1),
	(1581, 31, NULL, 9, '91DA-A16D-60EB-2C7B', '2023-08-22 21:12:24', 1),
	(1582, 31, NULL, 9, '968E-754B-2F1B-B4C3', '2023-08-22 21:12:24', 1),
	(1583, 31, NULL, 9, '1871-1A55-F6D4-B6EB', '2023-08-22 21:12:24', 1),
	(1584, 31, NULL, 9, '91F7-6EA6-BBC4-220D', '2023-08-22 21:12:24', 1),
	(1585, 31, NULL, 9, '8CC3-702E-7777-3986', '2023-08-22 21:12:24', 1),
	(1586, 31, NULL, 9, '8766-0F1D-3F7E-3DB8', '2023-08-22 21:12:24', 1),
	(1587, 31, NULL, 9, '1DB4-FE5E-E94D-841B', '2023-08-22 21:12:24', 1),
	(1588, 31, NULL, 9, 'FC3F-9AEE-EBBE-2D8C', '2023-08-22 21:12:24', 1),
	(1589, 31, NULL, 9, '47C2-6E16-54D8-BD89', '2023-08-22 21:12:24', 1),
	(1590, 31, NULL, 9, '8296-3533-253F-580F', '2023-08-22 21:12:24', 1),
	(1591, 32, NULL, 1, 'CC98-B746-244B-A9CA', '2023-08-22 21:12:24', 1),
	(1592, 32, NULL, 1, '6294-604A-6420-65ED', '2023-08-22 21:12:24', 1),
	(1593, 32, NULL, 1, 'A323-D3CD-DAAA-9465', '2023-08-22 21:12:24', 1),
	(1594, 32, NULL, 1, '76E8-F4A5-5894-4FB0', '2023-08-22 21:12:24', 1),
	(1595, 32, NULL, 1, '53C2-B3C5-5F19-AA10', '2023-08-22 21:12:24', 1),
	(1596, 32, NULL, 1, '13F5-A104-CC89-6A89', '2023-08-22 21:12:24', 1),
	(1597, 32, NULL, 1, 'EE59-F37F-7A21-0FB4', '2023-08-22 21:12:24', 1),
	(1598, 32, NULL, 1, '2616-694A-F592-6B17', '2023-08-22 21:12:24', 1),
	(1599, 32, NULL, 1, '9854-C83A-00DE-CAC6', '2023-08-22 21:12:24', 1),
	(1600, 32, NULL, 6, '4507-7237-D2D0-BD72', '2023-08-22 21:12:24', 1),
	(1601, 32, NULL, 6, '7A5A-C573-66AF-22B0', '2023-08-22 21:12:24', 1),
	(1602, 32, NULL, 7, '52F1-8FC7-6FBB-72DA', '2023-08-22 21:12:24', 1),
	(1603, 32, NULL, 7, 'BACD-0DBD-512C-5154', '2023-08-22 21:12:24', 1),
	(1604, 32, NULL, 7, '71CC-6B71-F86C-F286', '2023-08-22 21:12:24', 1),
	(1605, 32, NULL, 7, 'F46C-3BC4-E49A-A8FC', '2023-08-22 21:12:24', 1),
	(1606, 32, NULL, 7, '00CA-E788-B0D3-5E88', '2023-08-22 21:12:24', 1),
	(1607, 32, NULL, 7, '9A8A-D83F-FE7C-3416', '2023-08-22 21:12:24', 1),
	(1608, 32, NULL, 7, '4694-A5A4-FAFC-13F5', '2023-08-22 21:12:24', 1),
	(1609, 32, NULL, 7, '106B-2282-BC45-E867', '2023-08-22 21:12:24', 1),
	(1610, 32, NULL, 8, '7781-65C8-DDFA-B996', '2023-08-22 21:12:24', 1),
	(1611, 32, NULL, 8, 'F511-5851-69AC-EBD1', '2023-08-22 21:12:24', 1),
	(1612, 32, NULL, 8, '122A-32EB-5900-53A9', '2023-08-22 21:12:24', 1),
	(1613, 32, NULL, 9, '6420-4A32-CBA4-1F8B', '2023-08-22 21:12:24', 1),
	(1614, 32, NULL, 9, '30CE-0D5C-EB2B-F2B6', '2023-08-22 21:12:24', 1),
	(1615, 32, NULL, 9, '2501-E7A2-4FCD-91E0', '2023-08-22 21:12:24', 1),
	(1616, 32, NULL, 9, 'F20C-89A1-CA26-BB59', '2023-08-22 21:12:24', 1);

-- Listage de la structure de la table kgaming. user
CREATE TABLE IF NOT EXISTS `user` (
  `id` int NOT NULL AUTO_INCREMENT,
  `username` varchar(180) CHARACTER SET utf8mb4 COLLATE utf8mb4_unicode_ci NOT NULL,
  `roles` json NOT NULL,
  `password` varchar(255) CHARACTER SET utf8mb4 COLLATE utf8mb4_unicode_ci NOT NULL,
  `email` varchar(255) CHARACTER SET utf8mb4 COLLATE utf8mb4_unicode_ci NOT NULL,
  `avatar` longtext CHARACTER SET utf8mb4 COLLATE utf8mb4_unicode_ci,
  `is_verified` tinyint(1) NOT NULL,
  `create_at` datetime NOT NULL COMMENT '(DC2Type:datetime_immutable)',
  `is_banned` tinyint(1) NOT NULL,
  `updated_at` datetime DEFAULT NULL COMMENT '(DC2Type:datetime_immutable)',
  PRIMARY KEY (`id`),
  UNIQUE KEY `UNIQ_8D93D649F85E0677` (`username`),
  UNIQUE KEY `UNIQ_8D93D649E7927C74` (`email`)
) ENGINE=InnoDB AUTO_INCREMENT=9 DEFAULT CHARSET=utf8mb4 COLLATE=utf8mb4_unicode_ci;

-- Listage des données de la table kgaming.user : ~1 rows (environ)
DELETE FROM `user`;
INSERT INTO `user` (`id`, `username`, `roles`, `password`, `email`, `avatar`, `is_verified`, `create_at`, `is_banned`, `updated_at`) VALUES
	(1, 'denZ', '["ROLE_ADMIN"]', '$2y$13$4eyOQ1oZxhWzR3PLYIlRXe.5Yvrtgk14xqeU8sYp8GZYKe/yiwc9G', 'denzoubiden@gmail.com', 'https://api.multiavatar.com/850.png?apikey=oE7Qgxe34yjiMh', 1, '2023-05-14 20:43:59', 0, '2023-07-24 20:58:06');

/*!40103 SET TIME_ZONE=IFNULL(@OLD_TIME_ZONE, 'system') */;
/*!40101 SET SQL_MODE=IFNULL(@OLD_SQL_MODE, '') */;
/*!40014 SET FOREIGN_KEY_CHECKS=IFNULL(@OLD_FOREIGN_KEY_CHECKS, 1) */;
/*!40101 SET CHARACTER_SET_CLIENT=@OLD_CHARACTER_SET_CLIENT */;
/*!40111 SET SQL_NOTES=IFNULL(@OLD_SQL_NOTES, 1) */;
